"Nome";"Data de emissão";"Número";"Situação";"CNPJ/CPF";"UF";"Natureza";"Série";"Finalidade";"Tipo de nota";"Ambiente";"Código";"Unidade";"Quantidade";"Valor unitário";"Valor total";"Descrição";"E-mail";"Código do vendedor";"Nome - Vendedor";"Nome da Loja";"Nome - Fornecedor";"Preço de custo"
"Consumidor Final";"21/10/2025 16:57:58";"002300";"Autorizada";;;"Venda de mercadoria a não contribuinte Cupom Fiscal";"1";"NF-e normal";"NFC-e";"Produção";;"UN";"1,00";"89,00";"89,00";"CAMISA ACOSTAMENTO";"-";"-";"-";"Acostamento PDV";"PASQUINI E PASQUINI CONFECCOES LTDA.";"0,00"
"Consumidor Final";"21/10/2025 17:54:29";"002301";"Autorizada";;;"Venda de mercadoria a não contribuinte Cupom Fiscal";"1";"NF-e normal";"NFC-e";"Produção";"AVULSO";"UN";"1,00";"119,90";"119,90";"VALOR AVULSO";"-";"-";"-";"High Company PDV";"-";"0,00"
"Consumidor Final";"21/10/2025 17:57:13";"002302";"Autorizada";;;"Venda de mercadoria a não contribuinte Cupom Fiscal";"1";"NF-e normal";"NFC-e";"Produção";"AVULSO";"UN";"1,00";"339,80";"339,80";"VALOR AVULSO";"-";"-";"-";"High Company PDV";"-";"0,00"
"Consumidor Final";"21/10/2025 18:20:32";"002303";"Autorizada";;;"Venda de mercadoria a não contribuinte Cupom Fiscal";"1";"NF-e normal";"NFC-e";"Produção";;"PA";"1,00";"139,90";"139,90";"CALCADOS SANDALIA SALTO ALTO COUROS";"-";"-";"-";"Arezzo";"ZZAB Comercio de Calcados Ltda. AREZZO";"139,90"
"Consumidor Final";"21/10/2025 18:21:22";"002304";"Autorizada";;;"Venda de mercadoria a não contribuinte Cupom Fiscal";"1";"NF-e normal";"NFC-e";"Produção";;"PA";"1,00";"139,90";"139,90";"CALCADOS SANDALIA SALTO ALTO COUROS";"-";"-";"-";"Arezzo";"ZZAB Comercio de Calcados Ltda. AREZZO";"139,90"
"Consumidor Final";"21/10/2025 18:23:37";"002305";"Autorizada";;;"Venda de mercadoria a não contribuinte Cupom Fiscal";"1";"NF-e normal";"NFC-e";"Produção";;"PA";"1,00";"139,90";"139,90";"CALCADOS SANDALIA SALTO ALTO COUROS";"-";"-";"-";"Arezzo";"ZZAB Comercio de Calcados Ltda. AREZZO";"139,90"
"Consumidor Final";"21/10/2025 18:24:11";"002306";"Autorizada";;;"Venda de mercadoria a não contribuinte Cupom Fiscal";"1";"NF-e normal";"NFC-e";"Produção";;"PA";"1,00";"139,90";"139,90";"CALCADOS SANDALIA SALTO ALTO TECIDOS";"-";"-";"-";"Arezzo";"ZZAB Comercio de Calcados Ltda. AREZZO";"139,90"
"Consumidor Final";"21/10/2025 18:27:01";"002307";"Autorizada";;;"Venda de mercadoria a não contribuinte Cupom Fiscal";"1";"NF-e normal";"NFC-e";"Produção";;"PC";"1,00";"159,00";"159,00";"CAMISA JW SL MANCHADOS (MO) AZUL GG";"-";"-";"-";"Aramis PDV";"VCI - VANGUARD CONFECCOES IMPORTADAS S/A";"89,90"
"Consumidor Final";"21/10/2025 18:27:01";"002307";"Autorizada";;;"Venda de mercadoria a não contribuinte Cupom Fiscal";"1";"NF-e normal";"NFC-e";"Produção";;"PC";"1,00";"89,00";"89,00";"POLO PIQUET MANGA LONGA (PA) PRETO M";"-";"-";"-";"Aramis PDV";"VCI - VANGUARD CONFECCOES IMPORTADAS S/A";"49,90"
"Consumidor Final";"21/10/2025 18:27:01";"002307";"Autorizada";;;"Venda de mercadoria a não contribuinte Cupom Fiscal";"1";"NF-e normal";"NFC-e";"Produção";;"PC";"1,00";"89,00";"89,00";"SILK BLEND MODAL POLO SHIRT (PA) PRETO M";"-";"-";"-";"Aramis PDV";"VCI - VANGUARD CONFECCOES IMPORTADAS S/A";"49,90"
"Consumidor Final";"21/10/2025 18:28:14";"002308";"Autorizada";;;"Venda de mercadoria a não contribuinte Cupom Fiscal";"1";"NF-e normal";"NFC-e";"Produção";;"PA";"1,00";"139,90";"139,90";"CALCADOS SANDALIA SALTO ALTO COUROS";"-";"-";"-";"Arezzo";"ZZAB Comercio de Calcados Ltda. AREZZO";"139,90"
"Consumidor Final";"21/10/2025 18:28:14";"002308";"Autorizada";;;"Venda de mercadoria a não contribuinte Cupom Fiscal";"1";"NF-e normal";"NFC-e";"Produção";;"PA";"1,00";"139,90";"139,90";"CALCADOS SANDALIA SALTO MEDIO COUROS";"-";"-";"-";"Arezzo";"ZZAB Comercio de Calcados Ltda. AREZZO";"139,90"
"Consumidor Final";"21/10/2025 18:29:55";"002309";"Autorizada";;;"Venda de mercadoria a não contribuinte Cupom Fiscal";"1";"NF-e normal";"NFC-e";"Produção";;"PA";"3,00";"139,90";"419,70";"CALCADOS SANDALIA SALTO ALTO TECIDOS";"-";"-";"-";"Arezzo";"ZZAB Comercio de Calcados Ltda. AREZZO";"139,90"
"Consumidor Final";"21/10/2025 18:29:56";"002310";"Autorizada";;;"Venda de mercadoria a não contribuinte Cupom Fiscal";"1";"NF-e normal";"NFC-e";"Produção";;"PA";"1,00";"139,90";"139,90";"CALCADOS SANDALIA SALTO ALTO COUROS";"-";"-";"-";"Arezzo";"ZZAB Comercio de Calcados Ltda. AREZZO";"139,90"
"Consumidor Final";"21/10/2025 18:31:20";"002311";"Autorizada";;;"Venda de mercadoria a não contribuinte Cupom Fiscal";"1";"NF-e normal";"NFC-e";"Produção";;"PA";"1,00";"170,00";"170,00";"CALC-TENIS AUTHENTIC_(PIG SUED) FTW|RED Vans VN00BEE3RED";"-";"-";"-";"Vans";"ZZAB Comercio de Calcados Ltda. AREZZO";"97,67"
"Consumidor Final";"21/10/2025 18:31:36";"002312";"Autorizada";;;"Venda de mercadoria a não contribuinte Cupom Fiscal";"1";"NF-e normal";"NFC-e";"Produção";;"PA";"1,00";"139,90";"139,90";"CALCADOS SANDALIA SALTO ALTO TECIDOS";"-";"-";"-";"Arezzo";"ZZAB Comercio de Calcados Ltda. AREZZO";"139,90"
"Consumidor Final";"21/10/2025 18:35:21";"002313";"Autorizada";;;"Venda de mercadoria a não contribuinte Cupom Fiscal";"1";"NF-e normal";"NFC-e";"Produção";;"PC";"1,00";"159,00";"159,00";"CAMISA REG FIL A FIL OUT (MO) GRAFITE PP";"-";"-";"-";"Aramis PDV";"VCI - VANGUARD CONFECCOES IMPORTADAS S/A";"89,90"
"Consumidor Final";"21/10/2025 18:35:57";"002314";"Autorizada";;;"Venda de mercadoria a não contribuinte Cupom Fiscal";"1";"NF-e normal";"NFC-e";"Produção";;"PA";"1,00";"139,90";"139,90";"CALCADOS SANDALIA SALTO ALTO COUROS";"-";"-";"-";"Arezzo";"ZZAB Comercio de Calcados Ltda. AREZZO";"139,90"
"Consumidor Final";"21/10/2025 18:36:12";"002315";"Autorizada";;;"Venda de mercadoria a não contribuinte Cupom Fiscal";"1";"NF-e normal";"NFC-e";"Produção";;"PA";"1,00";"139,90";"139,90";"CALCADOS BOTA SALTO BAIXO COUROS";"-";"-";"-";"Arezzo";"ZZAB Comercio de Calcados Ltda. AREZZO";"139,90"
"Consumidor Final";"21/10/2025 18:37:28";"002316";"Autorizada";;;"Venda de mercadoria a não contribuinte Cupom Fiscal";"1";"NF-e normal";"NFC-e";"Produção";;"PA";"1,00";"139,90";"139,90";"CALCADOS FECHADO SALTO MEDIO ACAMURCADOS";"-";"-";"-";"Arezzo";"ZZAB Comercio de Calcados Ltda. AREZZO";"139,90"
"Consumidor Final";"21/10/2025 18:37:28";"002316";"Autorizada";;;"Venda de mercadoria a não contribuinte Cupom Fiscal";"1";"NF-e normal";"NFC-e";"Produção";;"PA";"1,00";"139,90";"139,90";"CALCADOS SANDALIA SALTO RASTEIRO COUROS";"-";"-";"-";"Arezzo";"ZZAB Comercio de Calcados Ltda. AREZZO";"139,90"
"Consumidor Final";"21/10/2025 18:38:14";"003426";"Autorizada";;;"Venda de mercadoria a não contribuinte Cupom Fiscal";"1";"NF-e normal";"NFC-e";"Produção";;"PC";"1,00";"79,00";"79,00";"BLUSA BLACK FEM ML BERRY P";"-";"-";"-";"Acostamento PDV";"PASQUINI E PASQUINI CONFECCOES LTDA.";"69,00"
"Consumidor Final";"21/10/2025 18:38:34";"002317";"Autorizada";;;"Venda de mercadoria a não contribuinte Cupom Fiscal";"1";"NF-e normal";"NFC-e";"Produção";;"PA";"1,00";"139,90";"139,90";"CALCADOS SANDALIA SALTO ALTO COUROS";"-";"-";"-";"Arezzo";"ZZAB Comercio de Calcados Ltda. AREZZO";"139,90"
"Consumidor Final";"21/10/2025 18:39:04";"002318";"Autorizada";;;"Venda de mercadoria a não contribuinte Cupom Fiscal";"1";"NF-e normal";"NFC-e";"Produção";;"PA";"4,00";"139,90";"559,60";"CALCADOS SANDALIA SALTO ALTO COUROS";"-";"-";"-";"Arezzo";"ZZAB Comercio de Calcados Ltda. AREZZO";"139,90"
"Consumidor Final";"21/10/2025 18:39:17";"002319";"Autorizada";;;"Venda de mercadoria a não contribuinte Cupom Fiscal";"1";"NF-e normal";"NFC-e";"Produção";;"PC";"2,00";"89,00";"178,00";"POLO CLASSIC 1 FRISO (PA) VERDE FLORESTA C/ MARINHO M";"-";"-";"-";"Aramis PDV";"VCI - VANGUARD CONFECCOES IMPORTADAS S/A";"49,90"
"Consumidor Final";"21/10/2025 18:39:17";"002319";"Autorizada";;;"Venda de mercadoria a não contribuinte Cupom Fiscal";"1";"NF-e normal";"NFC-e";"Produção";;"PC";"1,00";"69,00";"69,00";"CAMISETA MC BAS TRANCADOR OUTLET (PA) BRANCO M";"-";"-";"-";"Aramis PDV";"VCI - VANGUARD CONFECCOES IMPORTADAS S/A";"39,90"
"Consumidor Final";"21/10/2025 18:39:30";"002320";"Autorizada";;;"Venda de mercadoria a não contribuinte Cupom Fiscal";"1";"NF-e normal";"NFC-e";"Produção";;"PA";"1,00";"139,90";"139,90";"CALCADOS SANDALIA SALTO MEDIO MULTIMATERIAL";"-";"-";"-";"Arezzo";"ZZAB Comercio de Calcados Ltda. AREZZO";"139,90"
"Consumidor Final";"21/10/2025 18:39:30";"002320";"Autorizada";;;"Venda de mercadoria a não contribuinte Cupom Fiscal";"1";"NF-e normal";"NFC-e";"Produção";;"PA";"1,00";"139,90";"139,90";"CALCADOS SANDALIA SALTO MEDIO COUROS";"-";"-";"-";"Arezzo";"ZZAB Comercio de Calcados Ltda. AREZZO";"139,90"
"Consumidor Final";"21/10/2025 18:40:04";"002321";"Autorizada";;;"Venda de mercadoria a não contribuinte Cupom Fiscal";"1";"NF-e normal";"NFC-e";"Produção";;"PA";"3,00";"139,90";"419,70";"CALCADOS SANDALIA SALTO ALTO COUROS";"-";"-";"-";"Arezzo";"ZZAB Comercio de Calcados Ltda. AREZZO";"139,90"
"Consumidor Final";"21/10/2025 18:40:43";"002322";"Autorizada";;;"Venda de mercadoria a não contribuinte Cupom Fiscal";"1";"NF-e normal";"NFC-e";"Produção";;"PA";"3,00";"139,90";"419,70";"CALCADOS SANDALIA SALTO ALTO TECIDOS";"-";"-";"-";"Arezzo";"ZZAB Comercio de Calcados Ltda. AREZZO";"139,90"
"Consumidor Final";"21/10/2025 18:41:09";"002323";"Autorizada";;;"Venda de mercadoria a não contribuinte Cupom Fiscal";"1";"NF-e normal";"NFC-e";"Produção";;"PC";"1,00";"69,00";"69,00";"CAMISETA COTTON LIOCEL D+ (MO) VERDE MUSGO 114 GG";"-";"-";"-";"Aramis PDV";"VCI - VANGUARD CONFECCOES IMPORTADAS S/A";"39,90"
"Consumidor Final";"21/10/2025 18:41:09";"002323";"Autorizada";;;"Venda de mercadoria a não contribuinte Cupom Fiscal";"1";"NF-e normal";"NFC-e";"Produção";;"PC";"1,00";"69,00";"69,00";"CAMISETA LISA MODAL (MO) MARINHO G";"-";"-";"-";"Aramis PDV";"VCI - VANGUARD CONFECCOES IMPORTADAS S/A";"39,90"
"Consumidor Final";"21/10/2025 18:41:25";"002324";"Autorizada";;;"Venda de mercadoria a não contribuinte Cupom Fiscal";"1";"NF-e normal";"NFC-e";"Produção";;"PA";"1,00";"139,90";"139,90";"CALCADOS BOTA SALTO BAIXO COUROS";"-";"-";"-";"Arezzo";"ZZAB Comercio de Calcados Ltda. AREZZO";"139,90"
"Consumidor Final";"21/10/2025 18:41:25";"002324";"Autorizada";;;"Venda de mercadoria a não contribuinte Cupom Fiscal";"1";"NF-e normal";"NFC-e";"Produção";;"PA";"1,00";"139,90";"139,90";"CALCADOS SANDALIA SALTO MEDIO FIBRAS NATURAIS";"-";"-";"-";"Arezzo";"ZZAB Comercio de Calcados Ltda. AREZZO";"139,90"
"Consumidor Final";"21/10/2025 18:42:26";"002325";"Autorizada";;;"Venda de mercadoria a não contribuinte Cupom Fiscal";"1";"NF-e normal";"NFC-e";"Produção";;"PA";"1,00";"139,90";"139,90";"CALCADOS SANDALIA SALTO ALTO TECIDOS";"-";"-";"-";"Arezzo";"ZZAB Comercio de Calcados Ltda. AREZZO";"139,90"
"Consumidor Final";"21/10/2025 18:42:47";"003427";"Autorizada";;;"Venda de mercadoria a não contribuinte Cupom Fiscal";"1";"NF-e normal";"NFC-e";"Produção";;"PC";"1,00";"69,00";"69,00";"SHORTS JEANS MOM FEM JEANS CLARO 44";"-";"-";"-";"Acostamento PDV";"PASQUINI E PASQUINI CONFECCOES LTDA.";"69,00"
"Consumidor Final";"21/10/2025 18:42:47";"003427";"Autorizada";;;"Venda de mercadoria a não contribuinte Cupom Fiscal";"1";"NF-e normal";"NFC-e";"Produção";;"PC";"1,00";"79,00";"79,00";"BLUSA FASHION FEM COFFEE 44";"-";"-";"-";"Acostamento PDV";"PASQUINI E PASQUINI CONFECCOES LTDA.";"69,00"
"Consumidor Final";"21/10/2025 18:42:47";"003427";"Autorizada";;;"Venda de mercadoria a não contribuinte Cupom Fiscal";"1";"NF-e normal";"NFC-e";"Produção";;"PC";"1,00";"89,00";"89,00";"CALCA FASHION FEM PALHA 42";"-";"-";"-";"Acostamento PDV";"PASQUINI E PASQUINI CONFECCOES LTDA.";"89,00"
"Consumidor Final";"21/10/2025 18:43:10";"002326";"Autorizada";;;"Venda de mercadoria a não contribuinte Cupom Fiscal";"1";"NF-e normal";"NFC-e";"Produção";;"PA";"2,00";"139,90";"279,80";"CALCADOS SANDALIA SALTO ALTO COUROS";"-";"-";"-";"Arezzo";"ZZAB Comercio de Calcados Ltda. AREZZO";"139,90"
"Consumidor Final";"21/10/2025 18:43:19";"002327";"Autorizada";;;"Venda de mercadoria a não contribuinte Cupom Fiscal";"1";"NF-e normal";"NFC-e";"Produção";;"PC";"1,00";"89,00";"89,00";"POLO SUPIMA COTTON SOLID INTERLOCK(PA) VERDE MILITAR GG";"-";"-";"-";"Aramis PDV";"VCI - VANGUARD CONFECCOES IMPORTADAS S/A";"49,90"
"Consumidor Final";"21/10/2025 18:43:19";"002327";"Autorizada";;;"Venda de mercadoria a não contribuinte Cupom Fiscal";"1";"NF-e normal";"NFC-e";"Produção";;"PC";"1,00";"69,00";"69,00";"CAMISETA BASICA FRISO NA GOLA (PA) MILITAR 114 C/ CINZA G";"-";"-";"-";"Aramis PDV";"VCI - VANGUARD CONFECCOES IMPORTADAS S/A";"39,90"
"Consumidor Final";"21/10/2025 18:44:55";"002328";"Autorizada";;;"Venda de mercadoria a não contribuinte Cupom Fiscal";"1";"NF-e normal";"NFC-e";"Produção";;"PA";"1,00";"139,90";"139,90";"CALCADOS SANDALIA SALTO ALTO TECIDOS";"-";"-";"-";"Arezzo";"ZZAB Comercio de Calcados Ltda. AREZZO";"139,90"
"Consumidor Final";"21/10/2025 18:45:07";"002329";"Autorizada";;;"Venda de mercadoria a não contribuinte Cupom Fiscal";"1";"NF-e normal";"NFC-e";"Produção";;"PC";"2,00";"89,00";"178,00";"POLO COTTON PIQUET BASIC (PA) AZUL CERULEO 114 G";"-";"-";"-";"Aramis PDV";"VCI - VANGUARD CONFECCOES IMPORTADAS S/A";"49,90"
"Consumidor Final";"21/10/2025 18:45:07";"002329";"Autorizada";;;"Venda de mercadoria a não contribuinte Cupom Fiscal";"1";"NF-e normal";"NFC-e";"Produção";;"PC";"1,00";"89,00";"89,00";"POLO MALHA ANTIVIRAL PRETO G";"-";"-";"-";"Aramis PDV";"VCI - VANGUARD CONFECCOES IMPORTADAS S/A";"49,90"
"Consumidor Final";"21/10/2025 18:45:28";"002330";"Autorizada";;;"Venda de mercadoria a não contribuinte Cupom Fiscal";"1";"NF-e normal";"NFC-e";"Produção";;"PA";"3,00";"139,90";"419,70";"CALCADOS SANDALIA SALTO ALTO COUROS";"-";"-";"-";"Arezzo";"ZZAB Comercio de Calcados Ltda. AREZZO";"139,90"
"Consumidor Final";"21/10/2025 18:46:13";"002331";"Autorizada";;;"Venda de mercadoria a não contribuinte Cupom Fiscal";"1";"NF-e normal";"NFC-e";"Produção";;"PA";"1,00";"139,90";"139,90";"CALCADOS BOTA SALTO MEDIO ACAMURCADOS";"-";"-";"-";"Arezzo";"ZZAB Comercio de Calcados Ltda. AREZZO";"139,90"
"Consumidor Final";"21/10/2025 18:46:13";"002331";"Autorizada";;;"Venda de mercadoria a não contribuinte Cupom Fiscal";"1";"NF-e normal";"NFC-e";"Produção";;"PA";"1,00";"139,90";"139,90";"CALCADOS SANDALIA SALTO ALTO ACAMURCADOS";"-";"-";"-";"Arezzo";"ZZAB Comercio de Calcados Ltda. AREZZO";"139,90"
"Consumidor Final";"21/10/2025 18:47:03";"002332";"Autorizada";;;"Venda de mercadoria a não contribuinte Cupom Fiscal";"1";"NF-e normal";"NFC-e";"Produção";;"PA";"1,00";"139,90";"139,90";"CALCADOS SANDALIA SALTO ALTO COUROS";"-";"-";"-";"Arezzo";"ZZAB Comercio de Calcados Ltda. AREZZO";"139,90"
"Consumidor Final";"21/10/2025 18:47:14";"003428";"Autorizada";;;"Venda de mercadoria a não contribuinte Cupom Fiscal";"1";"NF-e normal";"NFC-e";"Produção";;"PC";"1,00";"49,00";"49,00";"CAMISETA PIMA MASC MC BORDO G";"-";"-";"-";"Acostamento PDV";"PASQUINI E PASQUINI CONFECCOES LTDA.";"39,00"
"Consumidor Final";"21/10/2025 18:47:52";"002333";"Autorizada";;;"Venda de mercadoria a não contribuinte Cupom Fiscal";"1";"NF-e normal";"NFC-e";"Produção";;"PC";"1,00";"69,00";"69,00";"CAMISETA STONE TINGIMENTO ECO (PA) CEREJA 109 G";"-";"-";"-";"Aramis PDV";"VCI - VANGUARD CONFECCOES IMPORTADAS S/A";"39,90"
"Consumidor Final";"21/10/2025 18:47:52";"002333";"Autorizada";;;"Venda de mercadoria a não contribuinte Cupom Fiscal";"1";"NF-e normal";"NFC-e";"Produção";;"PC";"1,00";"89,00";"89,00";"POLO BASICA PIQUET (PA) BRANCO G";"-";"-";"-";"Aramis PDV";"VCI - VANGUARD CONFECCOES IMPORTADAS S/A";"49,90"
"Consumidor Final";"21/10/2025 18:49:07";"002334";"Autorizada";;;"Venda de mercadoria a não contribuinte Cupom Fiscal";"1";"NF-e normal";"NFC-e";"Produção";;"PA";"1,00";"139,90";"139,90";"CALCADOS BOTA SALTO ALTO COUROS";"-";"-";"-";"Arezzo";"ZZAB Comercio de Calcados Ltda. AREZZO";"139,90"
"Consumidor Final";"21/10/2025 18:49:07";"002334";"Autorizada";;;"Venda de mercadoria a não contribuinte Cupom Fiscal";"1";"NF-e normal";"NFC-e";"Produção";;"PA";"1,00";"139,90";"139,90";"CALCADOS BOTA SALTO ALTO COUROS";"-";"-";"-";"Arezzo";"ZZAB Comercio de Calcados Ltda. AREZZO";"139,90"
"Consumidor Final";"21/10/2025 18:49:15";"002335";"Autorizada";;;"Venda de mercadoria a não contribuinte Cupom Fiscal";"1";"NF-e normal";"NFC-e";"Produção";;"PC";"1,00";"159,00";"159,00";"CAMISA SLIM TRICOLINE STRETCH (MO) BRANCO XGG";"-";"-";"-";"Aramis PDV";"VCI - VANGUARD CONFECCOES IMPORTADAS S/A";"89,90"
"Consumidor Final";"21/10/2025 18:49:52";"002336";"Autorizada";;;"Venda de mercadoria a não contribuinte Cupom Fiscal";"1";"NF-e normal";"NFC-e";"Produção";;"PA";"2,00";"139,90";"279,80";"CALCADOS SANDALIA SALTO ALTO COUROS";"-";"-";"-";"Arezzo";"ZZAB Comercio de Calcados Ltda. AREZZO";"139,90"
"Consumidor Final";"21/10/2025 18:50:04";"002337";"Autorizada";;;"Venda de mercadoria a não contribuinte Cupom Fiscal";"1";"NF-e normal";"NFC-e";"Produção";;"PA";"1,00";"139,90";"139,90";"CALCADOS SANDALIA SALTO ALTO TECIDOS";"-";"-";"-";"Arezzo";"ZZAB Comercio de Calcados Ltda. AREZZO";"139,90"
"Consumidor Final";"21/10/2025 18:50:58";"002338";"Autorizada";;;"Venda de mercadoria a não contribuinte Cupom Fiscal";"1";"NF-e normal";"NFC-e";"Produção";;"PA";"2,00";"139,90";"279,80";"CALCADOS BOTA SALTO MEDIO VERNIZES";"-";"-";"-";"Arezzo";"ZZAB Comercio de Calcados Ltda. AREZZO";"139,90"
"Consumidor Final";"21/10/2025 18:51:27";"002339";"Autorizada";;;"Venda de mercadoria a não contribuinte Cupom Fiscal";"1";"NF-e normal";"NFC-e";"Produção";;"PA";"1,00";"139,90";"139,90";"CALCADOS SANDALIA SALTO MEDIO SINTETICOS";"-";"-";"-";"Arezzo";"ZZAB Comercio de Calcados Ltda. AREZZO";"139,90"
"Consumidor Final";"21/10/2025 18:51:29";"002340";"Autorizada";;;"Venda de mercadoria a não contribuinte Cupom Fiscal";"1";"NF-e normal";"NFC-e";"Produção";;"PC";"1,00";"89,00";"89,00";"POLO MC COLMEIA FRISO JACQUARD (PA) MARINHO M";"-";"-";"-";"Aramis PDV";"VCI - VANGUARD CONFECCOES IMPORTADAS S/A";"49,90"
"Consumidor Final";"21/10/2025 18:51:47";"002341";"Autorizada";;;"Venda de mercadoria a não contribuinte Cupom Fiscal";"1";"NF-e normal";"NFC-e";"Produção";;"PA";"1,00";"139,90";"139,90";"CALCADOS SANDALIA SALTO ALTO TECIDOS";"-";"-";"-";"Arezzo";"ZZAB Comercio de Calcados Ltda. AREZZO";"139,90"
"Consumidor Final";"21/10/2025 18:52:10";"002342";"Autorizada";;;"Venda de mercadoria a não contribuinte Cupom Fiscal";"1";"NF-e normal";"NFC-e";"Produção";;"PA";"1,00";"139,90";"139,90";"CALCADOS SANDALIA SALTO ALTO COUROS";"-";"-";"-";"Arezzo";"ZZAB Comercio de Calcados Ltda. AREZZO";"139,90"
"Consumidor Final";"21/10/2025 18:52:41";"003429";"Autorizada";;;"Venda de mercadoria a não contribuinte Cupom Fiscal";"1";"NF-e normal";"NFC-e";"Produção";;"PC";"1,00";"49,00";"49,00";"CAMISETA CASUAL MASC MC VERDE NATIVO GG";"-";"-";"-";"Acostamento PDV";"PASQUINI E PASQUINI CONFECCOES LTDA.";"39,00"
"Consumidor Final";"21/10/2025 18:54:27";"002343";"Autorizada";;;"Venda de mercadoria a não contribuinte Cupom Fiscal";"1";"NF-e normal";"NFC-e";"Produção";;"PC";"2,00";"159,00";"318,00";"CAMISA SOCIAL REG TRIC XAD OUT (MO) AZUL CLARO 38";"-";"-";"-";"Aramis PDV";"VCI - VANGUARD CONFECCOES IMPORTADAS S/A";"89,90"
"Consumidor Final";"21/10/2025 18:54:27";"002343";"Autorizada";;;"Venda de mercadoria a não contribuinte Cupom Fiscal";"1";"NF-e normal";"NFC-e";"Produção";;"PC";"1,00";"159,00";"159,00";"CAMISA SOCIAL REG MAQUINETA FIO 40 (MO) BRANCO 39";"-";"-";"-";"Aramis PDV";"VCI - VANGUARD CONFECCOES IMPORTADAS S/A";"89,90"
"Consumidor Final";"21/10/2025 18:57:30";"002344";"Autorizada";;;"Venda de mercadoria a não contribuinte Cupom Fiscal";"1";"NF-e normal";"NFC-e";"Produção";;"PA";"11,00";"139,90";"1.538,90";"CALCADOS SANDALIA SALTO ALTO TECIDOS";"-";"-";"-";"Arezzo";"ZZAB Comercio de Calcados Ltda. AREZZO";"139,90"
"Consumidor Final";"21/10/2025 18:59:25";"002345";"Autorizada";;;"Venda de mercadoria a não contribuinte Cupom Fiscal";"1";"NF-e normal";"NFC-e";"Produção";;"PA";"1,00";"139,90";"139,90";"CALCADOS SANDALIA SALTO ALTO COUROS";"-";"-";"-";"Arezzo";"ZZAB Comercio de Calcados Ltda. AREZZO";"139,90"
"Consumidor Final";"21/10/2025 18:59:26";"002346";"Autorizada";;;"Venda de mercadoria a não contribuinte Cupom Fiscal";"1";"NF-e normal";"NFC-e";"Produção";;"PC";"1,00";"179,90";"179,90";"CALCA JEANS SLIM RECORTE BOLSO OUT (PA) AZUL 46";"-";"-";"-";"Aramis PDV";"VCI - VANGUARD CONFECCOES IMPORTADAS S/A";"79,90"
"Consumidor Final";"21/10/2025 18:59:26";"002346";"Autorizada";;;"Venda de mercadoria a não contribuinte Cupom Fiscal";"1";"NF-e normal";"NFC-e";"Produção";;"PC";"1,00";"159,00";"159,00";"CAMISA ANATOMICA R+ LISA (MO) MARINHO GG";"-";"-";"-";"Aramis PDV";"VCI - VANGUARD CONFECCOES IMPORTADAS S/A";"89,90"
"Consumidor Final";"21/10/2025 18:59:26";"002346";"Autorizada";;;"Venda de mercadoria a não contribuinte Cupom Fiscal";"1";"NF-e normal";"NFC-e";"Produção";;"PC";"2,00";"69,00";"138,00";"CAMISETA ESTAMPA 3D (PA) ROSA CLARO G";"-";"-";"-";"Aramis PDV";"VCI - VANGUARD CONFECCOES IMPORTADAS S/A";"39,90"
"Consumidor Final";"21/10/2025 19:00:25";"002347";"Autorizada";;;"Venda de mercadoria a não contribuinte Cupom Fiscal";"1";"NF-e normal";"NFC-e";"Produção";;"PA";"1,00";"139,90";"139,90";"CALCADOS SANDALIA SALTO ALTO COUROS";"-";"-";"-";"Arezzo";"ZZAB Comercio de Calcados Ltda. AREZZO";"139,90"
"Consumidor Final";"21/10/2025 19:00:45";"002348";"Autorizada";;;"Venda de mercadoria a não contribuinte Cupom Fiscal";"1";"NF-e normal";"NFC-e";"Produção";;"PC";"1,00";"159,00";"159,00";"CAMISA2 NIGHT COLARINHO TRENTO (MO) MARINHO GG";"-";"-";"-";"Aramis PDV";"VCI - VANGUARD CONFECCOES IMPORTADAS S/A";"89,90"
"Consumidor Final";"21/10/2025 19:00:45";"002348";"Autorizada";;;"Venda de mercadoria a não contribuinte Cupom Fiscal";"1";"NF-e normal";"NFC-e";"Produção";;"PC";"1,00";"159,00";"159,00";"CAMISA REG FIL A FIL XADREZ (MO) CHUMBO GG";"-";"-";"-";"Aramis PDV";"VCI - VANGUARD CONFECCOES IMPORTADAS S/A";"89,90"
"Consumidor Final";"21/10/2025 19:01:44";"002349";"Autorizada";;;"Venda de mercadoria a não contribuinte Cupom Fiscal";"1";"NF-e normal";"NFC-e";"Produção";;"PA";"1,00";"139,90";"139,90";"CALCADOS SANDALIA SALTO BAIXO COUROS";"-";"-";"-";"Arezzo";"ZZAB Comercio de Calcados Ltda. AREZZO";"139,90"
"Consumidor Final";"21/10/2025 19:01:44";"002349";"Autorizada";;;"Venda de mercadoria a não contribuinte Cupom Fiscal";"1";"NF-e normal";"NFC-e";"Produção";;"PA";"1,00";"139,90";"139,90";"CALCADOS FECHADO SALTO BAIXO SINTETICOS";"-";"-";"-";"Arezzo";"ZZAB Comercio de Calcados Ltda. AREZZO";"139,90"
"Consumidor Final";"21/10/2025 19:02:40";"002350";"Autorizada";;;"Venda de mercadoria a não contribuinte Cupom Fiscal";"1";"NF-e normal";"NFC-e";"Produção";;"PA";"1,00";"139,90";"139,90";"CALCADOS SANDALIA SALTO ALTO COUROS";"-";"-";"-";"Arezzo";"ZZAB Comercio de Calcados Ltda. AREZZO";"139,90"
"Consumidor Final";"21/10/2025 19:04:53";"003430";"Autorizada";;;"Venda de mercadoria a não contribuinte Cupom Fiscal";"1";"NF-e normal";"NFC-e";"Produção";;"PC";"1,00";"69,00";"69,00";"SHORTS JEANS";"-";"-";"-";"Acostamento PDV";"PASQUINI E PASQUINI CONFECCOES LTDA.";"69,00"
"Consumidor Final";"21/10/2025 19:04:53";"003430";"Autorizada";;;"Venda de mercadoria a não contribuinte Cupom Fiscal";"1";"NF-e normal";"NFC-e";"Produção";;"PC";"1,00";"69,00";"69,00";"SHORTS JEANS CLOCHARD FEM JEANS CLARO 38";"-";"-";"-";"Acostamento PDV";"PASQUINI E PASQUINI CONFECCOES LTDA.";"69,00"
"Consumidor Final";"21/10/2025 19:06:10";"002351";"Autorizada";;;"Venda de mercadoria a não contribuinte Cupom Fiscal";"1";"NF-e normal";"NFC-e";"Produção";;"PA";"1,00";"139,90";"139,90";"CALCADOS SANDALIA SALTO ALTO ACAMURCADOS";"-";"-";"-";"Arezzo";"ZZAB Comercio de Calcados Ltda. AREZZO";"139,90"
"Consumidor Final";"21/10/2025 19:07:08";"003431";"Autorizada";;;"Venda de mercadoria a não contribuinte Cupom Fiscal";"1";"NF-e normal";"NFC-e";"Produção";;"PC";"1,00";"79,00";"79,00";"BLUSAO CASUAL MASC BRANCO M";"-";"-";"-";"Acostamento PDV";"PASQUINI E PASQUINI CONFECCOES LTDA.";"79,00"
"Consumidor Final";"21/10/2025 19:07:43";"002352";"Autorizada";;;"Venda de mercadoria a não contribuinte Cupom Fiscal";"1";"NF-e normal";"NFC-e";"Produção";;"PA";"1,00";"139,90";"139,90";"CALCADOS SANDALIA SALTO ALTO COUROS";"-";"-";"-";"Arezzo";"ZZAB Comercio de Calcados Ltda. AREZZO";"139,90"
"Consumidor Final";"21/10/2025 19:09:15";"002353";"Autorizada";;;"Venda de mercadoria a não contribuinte Cupom Fiscal";"1";"NF-e normal";"NFC-e";"Produção";;"PA";"1,00";"139,90";"139,90";"CALCADOS SANDALIA SALTO ALTO TECIDOS";"-";"-";"-";"Arezzo";"ZZAB Comercio de Calcados Ltda. AREZZO";"139,90"
"Consumidor Final";"21/10/2025 19:09:44";"002354";"Autorizada";;;"Venda de mercadoria a não contribuinte Cupom Fiscal";"1";"NF-e normal";"NFC-e";"Produção";;"PA";"3,00";"139,90";"419,70";"CALCADOS SANDALIA SALTO ALTO COUROS";"-";"-";"-";"Arezzo";"ZZAB Comercio de Calcados Ltda. AREZZO";"139,90"
"Consumidor Final";"21/10/2025 19:11:13";"002355";"Autorizada";;;"Venda de mercadoria a não contribuinte Cupom Fiscal";"1";"NF-e normal";"NFC-e";"Produção";;"PA";"1,00";"139,90";"139,90";"CALCADOS BOTA SALTO BAIXO COUROS";"-";"-";"-";"Arezzo";"ZZAB Comercio de Calcados Ltda. AREZZO";"139,90"
"Consumidor Final";"21/10/2025 19:13:04";"002356";"Autorizada";;;"Venda de mercadoria a não contribuinte Cupom Fiscal";"1";"NF-e normal";"NFC-e";"Produção";;"PC";"1,00";"89,00";"89,00";"POLO COTTON PIQUET BASIC (PA) MARINHO GG";"-";"-";"-";"Aramis PDV";"VCI - VANGUARD CONFECCOES IMPORTADAS S/A";"49,90"
"Consumidor Final";"21/10/2025 19:13:04";"002356";"Autorizada";;;"Venda de mercadoria a não contribuinte Cupom Fiscal";"1";"NF-e normal";"NFC-e";"Produção";;"PC";"1,00";"159,00";"159,00";"CAMISA MW XADREZ COM BOLSO (MO) MARINHO GG";"-";"-";"-";"Aramis PDV";"VCI - VANGUARD CONFECCOES IMPORTADAS S/A";"89,90"
"Consumidor Final";"21/10/2025 19:13:04";"002356";"Autorizada";;;"Venda de mercadoria a não contribuinte Cupom Fiscal";"1";"NF-e normal";"NFC-e";"Produção";;"PC";"1,00";"69,00";"69,00";"CAMISETA PIMA (PA) PRETO GG";"-";"-";"-";"Aramis PDV";"VCI - VANGUARD CONFECCOES IMPORTADAS S/A";"39,90"
"Consumidor Final";"21/10/2025 19:13:04";"002356";"Autorizada";;;"Venda de mercadoria a não contribuinte Cupom Fiscal";"1";"NF-e normal";"NFC-e";"Produção";;"PC";"1,00";"69,00";"69,00";"CAMISETA BASICA GOLA CARECA (PA) MARINHO GG";"-";"-";"-";"Aramis PDV";"VCI - VANGUARD CONFECCOES IMPORTADAS S/A";"39,90"
"Consumidor Final";"21/10/2025 19:14:28";"003432";"Autorizada";;;"Venda de mercadoria a não contribuinte Cupom Fiscal";"1";"NF-e normal";"NFC-e";"Produção";;"PC";"1,00";"79,00";"79,00";"BLUSA FASHION FEM ML ZEBRA GLOW P";"-";"-";"-";"Acostamento PDV";"PASQUINI E PASQUINI CONFECCOES LTDA.";"69,00"
"Consumidor Final";"21/10/2025 19:14:28";"002357";"Autorizada";;;"Venda de mercadoria a não contribuinte Cupom Fiscal";"1";"NF-e normal";"NFC-e";"Produção";;"PA";"1,00";"139,90";"139,90";"CALCADOS SANDALIA SALTO ALTO COUROS";"-";"-";"-";"Arezzo";"ZZAB Comercio de Calcados Ltda. AREZZO";"139,90"
"Consumidor Final";"21/10/2025 19:16:02";"002358";"Autorizada";;;"Venda de mercadoria a não contribuinte Cupom Fiscal";"1";"NF-e normal";"NFC-e";"Produção";;"PA";"1,00";"139,90";"139,90";"CALCADOS BOTA SALTO BAIXO COUROS";"-";"-";"-";"Arezzo";"ZZAB Comercio de Calcados Ltda. AREZZO";"139,90"
"Consumidor Final";"21/10/2025 19:16:02";"002358";"Autorizada";;;"Venda de mercadoria a não contribuinte Cupom Fiscal";"1";"NF-e normal";"NFC-e";"Produção";;"PA";"1,00";"139,90";"139,90";"CALCADOS BOTA SALTO BAIXO COUROS";"-";"-";"-";"Arezzo";"ZZAB Comercio de Calcados Ltda. AREZZO";"139,90"
"Consumidor Final";"21/10/2025 19:16:02";"002358";"Autorizada";;;"Venda de mercadoria a não contribuinte Cupom Fiscal";"1";"NF-e normal";"NFC-e";"Produção";;"PA";"1,00";"139,90";"139,90";"CALCADOS BOTA SALTO BAIXO COUROS";"-";"-";"-";"Arezzo";"ZZAB Comercio de Calcados Ltda. AREZZO";"139,90"
"Consumidor Final";"21/10/2025 19:18:11";"002359";"Autorizada";;;"Venda de mercadoria a não contribuinte Cupom Fiscal";"1";"NF-e normal";"NFC-e";"Produção";;"PC";"1,00";"139,00";"139,00";"CAMISA REG OXFORD FLAME LISO (MO) OFF WHITE M";"-";"-";"-";"Aramis PDV";"VCI - VANGUARD CONFECCOES IMPORTADAS S/A";"79,90"
"Consumidor Final";"21/10/2025 19:20:29";"002360";"Autorizada";;;"Venda de mercadoria a não contribuinte Cupom Fiscal";"1";"NF-e normal";"NFC-e";"Produção";;"PA";"5,00";"139,90";"699,50";"CALCADOS SANDALIA SALTO ALTO TECIDOS";"-";"-";"-";"Arezzo";"ZZAB Comercio de Calcados Ltda. AREZZO";"139,90"
"Consumidor Final";"21/10/2025 19:21:37";"003433";"Autorizada";;;"Venda de mercadoria a não contribuinte Cupom Fiscal";"1";"NF-e normal";"NFC-e";"Produção";;"PC";"1,00";"69,00";"69,00";"SHORTS FASHION FEM INDIGO BLUE 38";"-";"-";"-";"Acostamento PDV";"PASQUINI E PASQUINI CONFECCOES LTDA.";"69,00"
"Consumidor Final";"21/10/2025 19:21:37";"003433";"Autorizada";;;"Venda de mercadoria a não contribuinte Cupom Fiscal";"1";"NF-e normal";"NFC-e";"Produção";;"PC";"1,00";"69,00";"69,00";"SHORTS FASHION FEM AREIA 36";"-";"-";"-";"Acostamento PDV";"PASQUINI E PASQUINI CONFECCOES LTDA.";"69,00"
"Consumidor Final";"21/10/2025 19:21:37";"003433";"Autorizada";;;"Venda de mercadoria a não contribuinte Cupom Fiscal";"1";"NF-e normal";"NFC-e";"Produção";;"PC";"1,00";"89,00";"89,00";"CALCA JEANS MOM FEM JEANS CLARO 38";"-";"-";"-";"Acostamento PDV";"PASQUINI E PASQUINI CONFECCOES LTDA.";"89,00"
"Consumidor Final";"21/10/2025 19:21:37";"003433";"Autorizada";;;"Venda de mercadoria a não contribuinte Cupom Fiscal";"1";"NF-e normal";"NFC-e";"Produção";;"PC";"1,00";"89,00";"89,00";"CALCA JEANS MOM FEM JEANS INTERMEDIARIO 38";"-";"-";"-";"Acostamento PDV";"PASQUINI E PASQUINI CONFECCOES LTDA.";"89,00"
"Consumidor Final";"21/10/2025 19:21:54";"002361";"Autorizada";;;"Venda de mercadoria a não contribuinte Cupom Fiscal";"1";"NF-e normal";"NFC-e";"Produção";;"PC";"1,00";"179,90";"179,90";"CALCA COLOR SLIM MOLETOM COLOR (MO) MARINHO 44";"-";"-";"-";"Aramis PDV";"VCI - VANGUARD CONFECCOES IMPORTADAS S/A";"79,90"
"Consumidor Final";"21/10/2025 19:24:01";"002362";"Autorizada";;;"Venda de mercadoria a não contribuinte Cupom Fiscal";"1";"NF-e normal";"NFC-e";"Produção";;"PC";"1,00";"69,00";"69,00";"CAMISETA (PILOTO) UNICA UN";"-";"-";"-";"Aramis PDV";"VCI - VANGUARD CONFECCOES IMPORTADAS S/A";"39,90"
"Consumidor Final";"21/10/2025 19:24:01";"002362";"Autorizada";;;"Venda de mercadoria a não contribuinte Cupom Fiscal";"1";"NF-e normal";"NFC-e";"Produção";;"PC";"1,00";"159,00";"159,00";"CAMISA SLIM ALGODAO COOLMAX (MO) PRETO P";"-";"-";"-";"Aramis PDV";"VCI - VANGUARD CONFECCOES IMPORTADAS S/A";"89,90"
"Consumidor Final";"21/10/2025 19:24:49";"002363";"Autorizada";;;"Venda de mercadoria a não contribuinte Cupom Fiscal";"1";"NF-e normal";"NFC-e";"Produção";;"PA";"1,00";"139,90";"139,90";"CALCADOS SANDALIA SALTO MEDIO SINTETICOS";"-";"-";"-";"Arezzo";"ZZAB Comercio de Calcados Ltda. AREZZO";"139,90"
"Consumidor Final";"21/10/2025 19:24:49";"002363";"Autorizada";;;"Venda de mercadoria a não contribuinte Cupom Fiscal";"1";"NF-e normal";"NFC-e";"Produção";;"PA";"1,00";"139,90";"139,90";"CALCADOS SANDALIA SALTO MEDIO SINTETICOS";"-";"-";"-";"Arezzo";"ZZAB Comercio de Calcados Ltda. AREZZO";"139,90"
"Consumidor Final";"21/10/2025 19:25:33";"002364";"Autorizada";;;"Venda de mercadoria a não contribuinte Cupom Fiscal";"1";"NF-e normal";"NFC-e";"Produção";;"PA";"3,00";"139,90";"419,70";"CALCADOS SANDALIA SALTO ALTO COUROS";"-";"-";"-";"Arezzo";"ZZAB Comercio de Calcados Ltda. AREZZO";"139,90"
"Consumidor Final";"21/10/2025 19:26:07";"003434";"Autorizada";;;"Venda de mercadoria a não contribuinte Cupom Fiscal";"1";"NF-e normal";"NFC-e";"Produção";;"PC";"1,00";"79,00";"79,00";"MACACAO FASHION FEM PRETO 40";"-";"-";"-";"Acostamento PDV";"PASQUINI E PASQUINI CONFECCOES LTDA.";"79,00"
"Consumidor Final";"21/10/2025 19:26:58";"002365";"Autorizada";;;"Venda de mercadoria a não contribuinte Cupom Fiscal";"1";"NF-e normal";"NFC-e";"Produção";;"PA";"3,00";"139,90";"419,70";"CALCADOS SANDALIA SALTO ALTO TECIDOS";"-";"-";"-";"Arezzo";"ZZAB Comercio de Calcados Ltda. AREZZO";"139,90"
"Consumidor Final";"21/10/2025 19:27:09";"002366";"Autorizada";;;"Venda de mercadoria a não contribuinte Cupom Fiscal";"1";"NF-e normal";"NFC-e";"Produção";;"PA";"1,00";"215,00";"215,00";"CALC-TENIS AUTHENTIC_(mfm) FTW|2 black/black/b Vans VN0A3MU8V7W";"-";"-";"-";"Vans";"ZZAB Comercio de Calcados Ltda. AREZZO";"127,25"
"Consumidor Final";"21/10/2025 19:27:35";"002367";"Autorizada";;;"Venda de mercadoria a não contribuinte Cupom Fiscal";"1";"NF-e normal";"NFC-e";"Produção";;"PA";"1,00";"139,90";"139,90";"CALCADOS SANDALIA SALTO RASTEIRO MULTIMATERIAL";"-";"-";"-";"Arezzo";"ZZAB Comercio de Calcados Ltda. AREZZO";"139,90"
"Consumidor Final";"21/10/2025 19:27:35";"002367";"Autorizada";;;"Venda de mercadoria a não contribuinte Cupom Fiscal";"1";"NF-e normal";"NFC-e";"Produção";;"PA";"1,00";"139,90";"139,90";"CALCADOS BOTA SALTO BAIXO COUROS";"-";"-";"-";"Arezzo";"ZZAB Comercio de Calcados Ltda. AREZZO";"139,90"
"Consumidor Final";"21/10/2025 19:27:35";"002367";"Autorizada";;;"Venda de mercadoria a não contribuinte Cupom Fiscal";"1";"NF-e normal";"NFC-e";"Produção";;"PA";"1,00";"139,90";"139,90";"CALCADOS BOTA SALTO BAIXO COUROS";"-";"-";"-";"Arezzo";"ZZAB Comercio de Calcados Ltda. AREZZO";"139,90"
"Consumidor Final";"21/10/2025 19:27:35";"002367";"Autorizada";;;"Venda de mercadoria a não contribuinte Cupom Fiscal";"1";"NF-e normal";"NFC-e";"Produção";;"PA";"1,00";"139,90";"139,90";"CALCADOS BOTA SALTO BAIXO ACAMURCADOS";"-";"-";"-";"Arezzo";"ZZAB Comercio de Calcados Ltda. AREZZO";"139,90"
"Consumidor Final";"21/10/2025 19:28:51";"002368";"Autorizada";;;"Venda de mercadoria a não contribuinte Cupom Fiscal";"1";"NF-e normal";"NFC-e";"Produção";;"PC";"1,00";"89,00";"89,00";"POLO BASICA PIQUET (PA) AZUL COBALTO GG";"-";"-";"-";"Aramis PDV";"VCI - VANGUARD CONFECCOES IMPORTADAS S/A";"49,90"
"Consumidor Final";"21/10/2025 19:28:51";"002368";"Autorizada";;;"Venda de mercadoria a não contribuinte Cupom Fiscal";"1";"NF-e normal";"NFC-e";"Produção";;"PC";"2,00";"89,00";"178,00";"POLO MC JACQUARD ESPINHA DE PEIXE (PA) OFF WHITE GG";"-";"-";"-";"Aramis PDV";"VCI - VANGUARD CONFECCOES IMPORTADAS S/A";"49,90"
"Consumidor Final";"21/10/2025 19:28:51";"002368";"Autorizada";;;"Venda de mercadoria a não contribuinte Cupom Fiscal";"1";"NF-e normal";"NFC-e";"Produção";;"PC";"1,00";"149,90";"149,90";"BERMUDA CHINO ESPINHA DE PEIXE (MO) AZUL 46";"-";"-";"-";"Aramis PDV";"VCI - VANGUARD CONFECCOES IMPORTADAS S/A";"69,90"
"Consumidor Final";"21/10/2025 19:28:51";"002368";"Autorizada";;;"Venda de mercadoria a não contribuinte Cupom Fiscal";"1";"NF-e normal";"NFC-e";"Produção";;"PC";"1,00";"149,90";"149,90";"BERMUDA 5 POCKETS STRIKE OUT (PA) BEGE 48";"-";"-";"-";"Aramis PDV";"VCI - VANGUARD CONFECCOES IMPORTADAS S/A";"69,90"
"Consumidor Final";"21/10/2025 19:28:51";"002368";"Autorizada";;;"Venda de mercadoria a não contribuinte Cupom Fiscal";"1";"NF-e normal";"NFC-e";"Produção";;"PC";"1,00";"149,90";"149,90";"BERMUDA1 CHINO MAQ BARRA VIRADA (MO) MARINHO 44";"-";"-";"-";"Aramis PDV";"VCI - VANGUARD CONFECCOES IMPORTADAS S/A";"69,90"
"Consumidor Final";"21/10/2025 19:28:54";"002369";"Autorizada";;;"Venda de mercadoria a não contribuinte Cupom Fiscal";"1";"NF-e normal";"NFC-e";"Produção";;"PA";"2,00";"139,90";"279,80";"CALCADOS SANDALIA SALTO ALTO TECIDOS";"-";"-";"-";"Arezzo";"ZZAB Comercio de Calcados Ltda. AREZZO";"139,90"
"Consumidor Final";"21/10/2025 19:29:02";"003435";"Autorizada";;;"Venda de mercadoria a não contribuinte Cupom Fiscal";"1";"NF-e normal";"NFC-e";"Produção";;"PC";"1,00";"79,00";"79,00";"BERMUDA CASUAL MASC CHUMBO 40";"-";"-";"-";"Acostamento PDV";"PASQUINI E PASQUINI CONFECCOES LTDA.";"79,00"
"Consumidor Final";"21/10/2025 19:29:02";"003435";"Autorizada";;;"Venda de mercadoria a não contribuinte Cupom Fiscal";"1";"NF-e normal";"NFC-e";"Produção";;"PC";"1,00";"79,00";"79,00";"BERMUDA CASUAL LINHO MASC AZUL MARESIA M";"-";"-";"-";"Acostamento PDV";"PASQUINI E PASQUINI CONFECCOES LTDA.";"79,00"
"Consumidor Final";"21/10/2025 19:30:56";"002370";"Autorizada";;;"Venda de mercadoria a não contribuinte Cupom Fiscal";"1";"NF-e normal";"NFC-e";"Produção";;"PA";"1,00";"215,00";"215,00";"CALC-TENIS AUTHENTIC_(mfm) FTW|2 black/black/b Vans VN0A3MU8V7W";"-";"-";"-";"Vans";"ZZAB Comercio de Calcados Ltda. AREZZO";"127,25"
"Consumidor Final";"21/10/2025 19:31:48";"002371";"Autorizada";;;"Venda de mercadoria a não contribuinte Cupom Fiscal";"1";"NF-e normal";"NFC-e";"Produção";;"PC";"1,00";"159,00";"159,00";"CAMISA REG LINHO ALG MARTINELLI GP (MO) BRANCO G";"-";"-";"-";"Aramis PDV";"VCI - VANGUARD CONFECCOES IMPORTADAS S/A";"89,90"
"Consumidor Final";"21/10/2025 19:31:48";"002371";"Autorizada";;;"Venda de mercadoria a não contribuinte Cupom Fiscal";"1";"NF-e normal";"NFC-e";"Produção";;"PC";"1,00";"69,00";"69,00";"CAMISETA (PILOTO) UNICA UN";"-";"-";"-";"Aramis PDV";"VCI - VANGUARD CONFECCOES IMPORTADAS S/A";"39,90"
"Consumidor Final";"21/10/2025 19:31:48";"002371";"Autorizada";;;"Venda de mercadoria a não contribuinte Cupom Fiscal";"1";"NF-e normal";"NFC-e";"Produção";;"PC";"1,00";"89,00";"89,00";"POLO BASICA PIQUET (PA) PRETO G";"-";"-";"-";"Aramis PDV";"VCI - VANGUARD CONFECCOES IMPORTADAS S/A";"49,90"
"Consumidor Final";"21/10/2025 19:33:16";"002372";"Autorizada";;;"Venda de mercadoria a não contribuinte Cupom Fiscal";"1";"NF-e normal";"NFC-e";"Produção";;"PC";"1,00";"89,00";"89,00";"POLO INTERLOCK ALGODAO PIMA TECH (PA) MARINHO 113 M";"-";"-";"-";"Aramis PDV";"VCI - VANGUARD CONFECCOES IMPORTADAS S/A";"49,90"
"Consumidor Final";"21/10/2025 19:35:05";"002373";"Autorizada";;;"Venda de mercadoria a não contribuinte Cupom Fiscal";"1";"NF-e normal";"NFC-e";"Produção";;"PC";"1,00";"179,90";"179,90";"CALCA COLOR SLIM MOLETOM COLOR (MO) CAQUI 42";"-";"-";"-";"Aramis PDV";"VCI - VANGUARD CONFECCOES IMPORTADAS S/A";"79,90"
"Consumidor Final";"21/10/2025 19:35:32";"002374";"Autorizada";;;"Venda de mercadoria a não contribuinte Cupom Fiscal";"1";"NF-e normal";"NFC-e";"Produção";;"PA";"1,00";"139,90";"139,90";"CALCADOS BOTA SALTO BAIXO COUROS";"-";"-";"-";"Arezzo";"ZZAB Comercio de Calcados Ltda. AREZZO";"139,90"
"Consumidor Final";"21/10/2025 19:35:32";"002374";"Autorizada";;;"Venda de mercadoria a não contribuinte Cupom Fiscal";"1";"NF-e normal";"NFC-e";"Produção";;"PA";"1,00";"139,90";"139,90";"CALCADOS BOTA SALTO MEDIO COUROS";"-";"-";"-";"Arezzo";"ZZAB Comercio de Calcados Ltda. AREZZO";"139,90"
"Consumidor Final";"21/10/2025 19:35:32";"002374";"Autorizada";;;"Venda de mercadoria a não contribuinte Cupom Fiscal";"1";"NF-e normal";"NFC-e";"Produção";;"PA";"1,00";"139,90";"139,90";"CALCADOS SANDALIA SALTO MEDIO COUROS";"-";"-";"-";"Arezzo";"ZZAB Comercio de Calcados Ltda. AREZZO";"139,90"
"Consumidor Final";"21/10/2025 19:35:56";"002375";"Autorizada";;;"Venda de mercadoria a não contribuinte Cupom Fiscal";"1";"NF-e normal";"NFC-e";"Produção";;"PA";"1,00";"139,90";"139,90";"CALCADOS SANDALIA SALTO ALTO TECIDOS";"-";"-";"-";"Arezzo";"ZZAB Comercio de Calcados Ltda. AREZZO";"139,90"
"Consumidor Final";"21/10/2025 19:36:50";"002376";"Autorizada";;;"Venda de mercadoria a não contribuinte Cupom Fiscal";"1";"NF-e normal";"NFC-e";"Produção";;"PA";"2,00";"139,90";"279,80";"CALCADOS SANDALIA SALTO ALTO COUROS";"-";"-";"-";"Arezzo";"ZZAB Comercio de Calcados Ltda. AREZZO";"139,90"
"Consumidor Final";"21/10/2025 19:37:41";"002377";"Autorizada";;;"Venda de mercadoria a não contribuinte Cupom Fiscal";"1";"NF-e normal";"NFC-e";"Produção";;"PA";"1,00";"139,90";"139,90";"CALCADOS BOTA SALTO MEDIO MULTIMATERIAL";"-";"-";"-";"Arezzo";"ZZAB Comercio de Calcados Ltda. AREZZO";"139,90"
"Consumidor Final";"21/10/2025 19:37:41";"002377";"Autorizada";;;"Venda de mercadoria a não contribuinte Cupom Fiscal";"1";"NF-e normal";"NFC-e";"Produção";;"PA";"1,00";"139,90";"139,90";"CALCADOS BOTA SALTO BAIXO MULTIMATERIAL";"-";"-";"-";"Arezzo";"ZZAB Comercio de Calcados Ltda. AREZZO";"139,90"
"Consumidor Final";"21/10/2025 19:38:18";"002378";"Autorizada";;;"Venda de mercadoria a não contribuinte Cupom Fiscal";"1";"NF-e normal";"NFC-e";"Produção";;"PA";"2,00";"139,90";"279,80";"CALCADOS SANDALIA SALTO ALTO TECIDOS";"-";"-";"-";"Arezzo";"ZZAB Comercio de Calcados Ltda. AREZZO";"139,90"
"Consumidor Final";"21/10/2025 19:38:37";"002379";"Autorizada";;;"Venda de mercadoria a não contribuinte Cupom Fiscal";"1";"NF-e normal";"NFC-e";"Produção";;"PC";"1,00";"159,00";"159,00";"CAMISA REG MAQUINETADA (MO) BRANCO C/AZUL CLARO M";"-";"-";"-";"Aramis PDV";"VCI - VANGUARD CONFECCOES IMPORTADAS S/A";"89,90"
"Consumidor Final";"21/10/2025 19:38:37";"002379";"Autorizada";;;"Venda de mercadoria a não contribuinte Cupom Fiscal";"1";"NF-e normal";"NFC-e";"Produção";;"PC";"1,00";"149,90";"149,90";"BERMUDA COM ELASTICO COLOR (PA) VERDE MILITAR P";"-";"-";"-";"Aramis PDV";"VCI - VANGUARD CONFECCOES IMPORTADAS S/A";"69,90"
"Consumidor Final";"21/10/2025 19:38:37";"002379";"Autorizada";;;"Venda de mercadoria a não contribuinte Cupom Fiscal";"1";"NF-e normal";"NFC-e";"Produção";;"PC";"1,00";"159,00";"159,00";"CAMISA REG TRIC MAQUINETA MIX OUT (MO) AZUL CLARO M";"-";"-";"-";"Aramis PDV";"VCI - VANGUARD CONFECCOES IMPORTADAS S/A";"89,90"
"Consumidor Final";"21/10/2025 19:38:37";"002379";"Autorizada";;;"Venda de mercadoria a não contribuinte Cupom Fiscal";"1";"NF-e normal";"NFC-e";"Produção";;"PC";"1,00";"159,00";"159,00";"CAMISA CASUAL STRETCH (MO) BRANCO M";"-";"-";"-";"Aramis PDV";"VCI - VANGUARD CONFECCOES IMPORTADAS S/A";"89,90"
"Consumidor Final";"21/10/2025 19:38:37";"002379";"Autorizada";;;"Venda de mercadoria a não contribuinte Cupom Fiscal";"1";"NF-e normal";"NFC-e";"Produção";;"PC";"1,00";"159,00";"159,00";"CAMISA CASUAL SLIM FALSO LISO (MO) BRANCO M";"-";"-";"-";"Aramis PDV";"VCI - VANGUARD CONFECCOES IMPORTADAS S/A";"89,90"
"Consumidor Final";"21/10/2025 19:38:58";"002380";"Autorizada";;;"Venda de mercadoria a não contribuinte Cupom Fiscal";"1";"NF-e normal";"NFC-e";"Produção";;"PA";"4,00";"139,90";"559,60";"CALCADOS SANDALIA SALTO ALTO COUROS";"-";"-";"-";"Arezzo";"ZZAB Comercio de Calcados Ltda. AREZZO";"139,90"
"Consumidor Final";"21/10/2025 19:39:34";"002381";"Autorizada";;;"Venda de mercadoria a não contribuinte Cupom Fiscal";"1";"NF-e normal";"NFC-e";"Produção";;"PA";"1,00";"139,90";"139,90";"CALCADOS FECHADO SALTO BAIXO COUROS";"-";"-";"-";"Arezzo";"ZZAB Comercio de Calcados Ltda. AREZZO";"139,90"
"Consumidor Final";"21/10/2025 19:40:02";"002382";"Autorizada";;;"Venda de mercadoria a não contribuinte Cupom Fiscal";"1";"NF-e normal";"NFC-e";"Produção";;"PA";"1,00";"139,90";"139,90";"CALCADOS SANDALIA SALTO ALTO SINTETICOS";"-";"-";"-";"Arezzo";"ZZAB Comercio de Calcados Ltda. AREZZO";"139,90"
"Consumidor Final";"21/10/2025 19:41:12";"002383";"Autorizada";;;"Venda de mercadoria a não contribuinte Cupom Fiscal";"1";"NF-e normal";"NFC-e";"Produção";;"PC";"1,00";"69,00";"69,00";"CAMISETA BASICA (PA) VERDE ESMERALDA 113 G";"-";"-";"-";"Aramis PDV";"VCI - VANGUARD CONFECCOES IMPORTADAS S/A";"39,90"
"Consumidor Final";"21/10/2025 19:41:12";"002383";"Autorizada";;;"Venda de mercadoria a não contribuinte Cupom Fiscal";"1";"NF-e normal";"NFC-e";"Produção";;"PC";"1,00";"149,90";"149,90";"BERMUDA CHINO MALHA MOOVEX (MO) VERDE ESCURO 40";"-";"-";"-";"Aramis PDV";"VCI - VANGUARD CONFECCOES IMPORTADAS S/A";"69,90"
"Consumidor Final";"21/10/2025 19:41:12";"002383";"Autorizada";;;"Venda de mercadoria a não contribuinte Cupom Fiscal";"1";"NF-e normal";"NFC-e";"Produção";;"PC";"1,00";"149,90";"149,90";"BERMUDA CHINO CASUAL SURFER (PA) BRANCO 44";"-";"-";"-";"Aramis PDV";"VCI - VANGUARD CONFECCOES IMPORTADAS S/A";"69,90"
"Consumidor Final";"21/10/2025 19:41:44";"002384";"Autorizada";;;"Venda de mercadoria a não contribuinte Cupom Fiscal";"1";"NF-e normal";"NFC-e";"Produção";;"PA";"1,00";"139,90";"139,90";"CALCADOS SANDALIA SALTO MEDIO COUROS";"-";"-";"-";"Arezzo";"ZZAB Comercio de Calcados Ltda. AREZZO";"139,90"
"Consumidor Final";"21/10/2025 19:41:44";"002384";"Autorizada";;;"Venda de mercadoria a não contribuinte Cupom Fiscal";"1";"NF-e normal";"NFC-e";"Produção";;"PA";"1,00";"139,90";"139,90";"CALCADOS SANDALIA SALTO MEDIO COUROS";"-";"-";"-";"Arezzo";"ZZAB Comercio de Calcados Ltda. AREZZO";"139,90"
"Consumidor Final";"21/10/2025 19:41:44";"002384";"Autorizada";;;"Venda de mercadoria a não contribuinte Cupom Fiscal";"1";"NF-e normal";"NFC-e";"Produção";;"PA";"3,00";"139,90";"419,70";"CALCADOS SANDALIA SALTO ALTO TECIDOS";"-";"-";"-";"Arezzo";"ZZAB Comercio de Calcados Ltda. AREZZO";"139,90"
"Consumidor Final";"21/10/2025 19:41:44";"002384";"Autorizada";;;"Venda de mercadoria a não contribuinte Cupom Fiscal";"1";"NF-e normal";"NFC-e";"Produção";;"PA";"1,00";"139,90";"139,90";"CALCADOS SANDALIA SALTO MEDIO MULTIMATERIAL";"-";"-";"-";"Arezzo";"ZZAB Comercio de Calcados Ltda. AREZZO";"139,90"
"Consumidor Final";"21/10/2025 19:42:13";"002385";"Autorizada";;;"Venda de mercadoria a não contribuinte Cupom Fiscal";"1";"NF-e normal";"NFC-e";"Produção";;"PC";"1,00";"159,00";"159,00";"CAMISA REG XADREZ MESCLA (MO) CINZA/AZUL JEANS M";"-";"-";"-";"Aramis PDV";"VCI - VANGUARD CONFECCOES IMPORTADAS S/A";"89,90"
"Consumidor Final";"21/10/2025 19:42:25";"002386";"Autorizada";;;"Venda de mercadoria a não contribuinte Cupom Fiscal";"1";"NF-e normal";"NFC-e";"Produção";;"PA";"5,00";"139,90";"699,50";"CALCADOS SANDALIA SALTO ALTO TECIDOS";"-";"-";"-";"Arezzo";"ZZAB Comercio de Calcados Ltda. AREZZO";"139,90"
"Consumidor Final";"21/10/2025 19:42:50";"002387";"Autorizada";;;"Venda de mercadoria a não contribuinte Cupom Fiscal";"1";"NF-e normal";"NFC-e";"Produção";;"PA";"1,00";"139,90";"139,90";"CALCADOS SANDALIA SALTO ALTO COUROS";"-";"-";"-";"Arezzo";"ZZAB Comercio de Calcados Ltda. AREZZO";"139,90"
"Consumidor Final";"21/10/2025 19:42:53";"002388";"Autorizada";;;"Venda de mercadoria a não contribuinte Cupom Fiscal";"1";"NF-e normal";"NFC-e";"Produção";;"PA";"1,00";"139,90";"139,90";"CALCADOS FECHADO SALTO ALTO COUROS";"-";"-";"-";"Arezzo";"ZZAB Comercio de Calcados Ltda. AREZZO";"139,90"
"Consumidor Final";"21/10/2025 19:42:53";"002388";"Autorizada";;;"Venda de mercadoria a não contribuinte Cupom Fiscal";"1";"NF-e normal";"NFC-e";"Produção";;"PA";"1,00";"139,90";"139,90";"CALCADOS SANDALIA SALTO MEDIO COUROS";"-";"-";"-";"Arezzo";"ZZAB Comercio de Calcados Ltda. AREZZO";"139,90"
"Consumidor Final";"21/10/2025 19:44:42";"002389";"Autorizada";;;"Venda de mercadoria a não contribuinte Cupom Fiscal";"1";"NF-e normal";"NFC-e";"Produção";;"PA";"3,00";"139,90";"419,70";"CALCADOS SANDALIA SALTO ALTO COUROS";"-";"-";"-";"Arezzo";"ZZAB Comercio de Calcados Ltda. AREZZO";"139,90"
"Consumidor Final";"21/10/2025 19:45:43";"003436";"Autorizada";;;"Venda de mercadoria a não contribuinte Cupom Fiscal";"1";"NF-e normal";"NFC-e";"Produção";;"PC";"1,00";"89,00";"89,00";"CALCA ELASTANO MASC CHUMBO 40";"-";"-";"-";"Acostamento PDV";"PASQUINI E PASQUINI CONFECCOES LTDA.";"89,00"
"Consumidor Final";"21/10/2025 19:45:58";"002390";"Autorizada";;;"Venda de mercadoria a não contribuinte Cupom Fiscal";"1";"NF-e normal";"NFC-e";"Produção";;"PA";"1,00";"139,90";"139,90";"CALCADOS SANDALIA SALTO ALTO COUROS";"-";"-";"-";"Arezzo";"ZZAB Comercio de Calcados Ltda. AREZZO";"139,90"
"Consumidor Final";"21/10/2025 19:46:56";"002391";"Autorizada";;;"Venda de mercadoria a não contribuinte Cupom Fiscal";"1";"NF-e normal";"NFC-e";"Produção";;"PC";"1,00";"179,90";"179,90";"CALCA CHINO MOOVEX (MO) MARINHO 46";"-";"-";"-";"Aramis PDV";"VCI - VANGUARD CONFECCOES IMPORTADAS S/A";"79,90"
"Consumidor Final";"21/10/2025 19:46:56";"002391";"Autorizada";;;"Venda de mercadoria a não contribuinte Cupom Fiscal";"1";"NF-e normal";"NFC-e";"Produção";;"PC";"1,00";"159,00";"159,00";"CAMISA REG ALGODAO MAQUINETADO (MO) AZUL CLARO GG";"-";"-";"-";"Aramis PDV";"VCI - VANGUARD CONFECCOES IMPORTADAS S/A";"89,90"
"Consumidor Final";"21/10/2025 19:46:56";"002391";"Autorizada";;;"Venda de mercadoria a não contribuinte Cupom Fiscal";"1";"NF-e normal";"NFC-e";"Produção";;"PC";"2,00";"159,00";"318,00";"CAMISA REG TRIC MAQUINETA MIX OUT (MO) AZUL CLARO GG";"-";"-";"-";"Aramis PDV";"VCI - VANGUARD CONFECCOES IMPORTADAS S/A";"89,90"
"Consumidor Final";"21/10/2025 19:47:24";"003437";"Autorizada";;;"Venda de mercadoria a não contribuinte Cupom Fiscal";"1";"NF-e normal";"NFC-e";"Produção";;"PC";"1,00";"89,00";"89,00";"CALCA FASHION FEM LINES 44";"-";"-";"-";"Acostamento PDV";"PASQUINI E PASQUINI CONFECCOES LTDA.";"89,00"
"Consumidor Final";"21/10/2025 19:47:25";"002392";"Autorizada";;;"Venda de mercadoria a não contribuinte Cupom Fiscal";"1";"NF-e normal";"NFC-e";"Produção";;"PA";"1,00";"139,90";"139,90";"CALCADOS BOTA SALTO MEDIO COUROS";"-";"-";"-";"Arezzo";"ZZAB Comercio de Calcados Ltda. AREZZO";"139,90"
"Consumidor Final";"21/10/2025 19:47:25";"002392";"Autorizada";;;"Venda de mercadoria a não contribuinte Cupom Fiscal";"1";"NF-e normal";"NFC-e";"Produção";;"PA";"1,00";"139,90";"139,90";"CALCADOS BOTA SALTO BAIXO COUROS";"-";"-";"-";"Arezzo";"ZZAB Comercio de Calcados Ltda. AREZZO";"139,90"
"Consumidor Final";"21/10/2025 19:49:01";"002393";"Autorizada";;;"Venda de mercadoria a não contribuinte Cupom Fiscal";"1";"NF-e normal";"NFC-e";"Produção";;"PC";"1,00";"149,90";"149,90";"BERMUDA CHINO BOLSO FACA ECO LISO (PA ROSA 38";"-";"-";"-";"Aramis PDV";"VCI - VANGUARD CONFECCOES IMPORTADAS S/A";"69,90"
"Consumidor Final";"21/10/2025 19:49:01";"002393";"Autorizada";;;"Venda de mercadoria a não contribuinte Cupom Fiscal";"1";"NF-e normal";"NFC-e";"Produção";;"PC";"1,00";"149,90";"149,90";"BERMUDA CHINO PREMIUM TOUCH MOOVEX (MO) AZUL ALUMINIO 114 40";"-";"-";"-";"Aramis PDV";"VCI - VANGUARD CONFECCOES IMPORTADAS S/A";"69,90"
"Consumidor Final";"21/10/2025 19:49:01";"002393";"Autorizada";;;"Venda de mercadoria a não contribuinte Cupom Fiscal";"1";"NF-e normal";"NFC-e";"Produção";;"PC";"1,00";"179,90";"179,90";"CALCA CHINO SLIM TINTURADA BASICA (MO) CARAMELO 42";"-";"-";"-";"Aramis PDV";"VCI - VANGUARD CONFECCOES IMPORTADAS S/A";"79,90"
"Consumidor Final";"21/10/2025 19:49:01";"002393";"Autorizada";;;"Venda de mercadoria a não contribuinte Cupom Fiscal";"1";"NF-e normal";"NFC-e";"Produção";;"PC";"1,00";"139,00";"139,00";"CAMISA REG FLAME ABSTRATO OUT (MO) MARINHO M";"-";"-";"-";"Aramis PDV";"VCI - VANGUARD CONFECCOES IMPORTADAS S/A";"79,90"
"Consumidor Final";"21/10/2025 19:49:02";"002394";"Autorizada";;;"Venda de mercadoria a não contribuinte Cupom Fiscal";"1";"NF-e normal";"NFC-e";"Produção";;"PA";"1,00";"139,90";"139,90";"CALCADOS SANDALIA SALTO ALTO COUROS";"-";"-";"-";"Arezzo";"ZZAB Comercio de Calcados Ltda. AREZZO";"139,90"
"Consumidor Final";"21/10/2025 19:49:02";"002394";"Autorizada";;;"Venda de mercadoria a não contribuinte Cupom Fiscal";"1";"NF-e normal";"NFC-e";"Produção";;"PA";"1,00";"139,90";"139,90";"CALCADOS SANDALIA SALTO ALTO MULTIMATERIAL";"-";"-";"-";"Arezzo";"ZZAB Comercio de Calcados Ltda. AREZZO";"139,90"
"Consumidor Final";"21/10/2025 19:49:02";"002394";"Autorizada";;;"Venda de mercadoria a não contribuinte Cupom Fiscal";"1";"NF-e normal";"NFC-e";"Produção";;"PA";"1,00";"139,90";"139,90";"CALCADOS SANDALIA SALTO ALTO SINTETICOS";"-";"-";"-";"Arezzo";"ZZAB Comercio de Calcados Ltda. AREZZO";"139,90"
"Consumidor Final";"21/10/2025 19:49:27";"002395";"Autorizada";;;"Venda de mercadoria a não contribuinte Cupom Fiscal";"1";"NF-e normal";"NFC-e";"Produção";;"PC";"1,00";"149,90";"149,90";"BERMUDA CHINO CLASSICA RUSTICA (PA) AZUL CLARO 42";"-";"-";"-";"Aramis PDV";"VCI - VANGUARD CONFECCOES IMPORTADAS S/A";"69,90"
"Consumidor Final";"21/10/2025 19:49:27";"002395";"Autorizada";;;"Venda de mercadoria a não contribuinte Cupom Fiscal";"1";"NF-e normal";"NFC-e";"Produção";;"PC";"1,00";"149,90";"149,90";"BERMUDA CHINO CLASSICA RUSTICA (PA) AREIA 42";"-";"-";"-";"Aramis PDV";"VCI - VANGUARD CONFECCOES IMPORTADAS S/A";"69,90"
"Consumidor Final";"21/10/2025 19:49:27";"002395";"Autorizada";;;"Venda de mercadoria a não contribuinte Cupom Fiscal";"1";"NF-e normal";"NFC-e";"Produção";;"PC";"2,00";"89,00";"178,00";"INTERLOCK PIMA POLO (PA) BORDO CABERNET 115 M";"-";"-";"-";"Aramis PDV";"VCI - VANGUARD CONFECCOES IMPORTADAS S/A";"49,90"
"Consumidor Final";"21/10/2025 19:49:27";"002395";"Autorizada";;;"Venda de mercadoria a não contribuinte Cupom Fiscal";"1";"NF-e normal";"NFC-e";"Produção";;"PC";"1,00";"159,00";"159,00";"CAMISA SL ALGODAO LINHO OUT (MO) AZUL CLARO M";"-";"-";"-";"Aramis PDV";"VCI - VANGUARD CONFECCOES IMPORTADAS S/A";"89,90"
"Consumidor Final";"21/10/2025 19:50:05";"002396";"Autorizada";;;"Venda de mercadoria a não contribuinte Cupom Fiscal";"1";"NF-e normal";"NFC-e";"Produção";;"PC";"1,00";"139,00";"139,00";"CAMISA SLIM MALHA MODAL MISTA XD (MO) PRETO M";"-";"-";"-";"Aramis PDV";"VCI - VANGUARD CONFECCOES IMPORTADAS S/A";"79,90"
"Consumidor Final";"21/10/2025 19:51:16";"002397";"Autorizada";;;"Venda de mercadoria a não contribuinte Cupom Fiscal";"1";"NF-e normal";"NFC-e";"Produção";;"PA";"3,00";"139,90";"419,70";"CALCADOS SANDALIA SALTO ALTO TECIDOS";"-";"-";"-";"Arezzo";"ZZAB Comercio de Calcados Ltda. AREZZO";"139,90"
"Consumidor Final";"21/10/2025 19:52:27";"003438";"Autorizada";;;"Venda de mercadoria a não contribuinte Cupom Fiscal";"1";"NF-e normal";"NFC-e";"Produção";;"PC";"1,00";"39,00";"39,00";"REGATA CELEBRATION FEM OFF C/ DOURADO P";"-";"-";"-";"Acostamento PDV";"PASQUINI E PASQUINI CONFECCOES LTDA.";"39,00"
"Consumidor Final";"21/10/2025 19:52:27";"003438";"Autorizada";;;"Venda de mercadoria a não contribuinte Cupom Fiscal";"1";"NF-e normal";"NFC-e";"Produção";;"PC";"1,00";"39,00";"39,00";"REGATA FASHION FEM OFF WHITE P";"-";"-";"-";"Acostamento PDV";"PASQUINI E PASQUINI CONFECCOES LTDA.";"39,00"
"Consumidor Final";"21/10/2025 19:52:27";"003438";"Autorizada";;;"Venda de mercadoria a não contribuinte Cupom Fiscal";"1";"NF-e normal";"NFC-e";"Produção";;"PC";"1,00";"69,00";"69,00";"SHORTS FASHION FEM AREIA 40";"-";"-";"-";"Acostamento PDV";"PASQUINI E PASQUINI CONFECCOES LTDA.";"69,00"
"Consumidor Final";"21/10/2025 19:52:27";"003438";"Autorizada";;;"Venda de mercadoria a não contribuinte Cupom Fiscal";"1";"NF-e normal";"NFC-e";"Produção";;"PC";"1,00";"79,00";"79,00";"BLUSA FASHION ML WHITE DOTS 42";"-";"-";"-";"Acostamento PDV";"PASQUINI E PASQUINI CONFECCOES LTDA.";"69,00"
"Consumidor Final";"21/10/2025 19:52:47";"002398";"Autorizada";;;"Venda de mercadoria a não contribuinte Cupom Fiscal";"1";"NF-e normal";"NFC-e";"Produção";;"PC";"1,00";"69,00";"69,00";"CAMISETA MC SILK ARAMIS OUT (PA) PETROLEO XGG";"-";"-";"-";"Aramis PDV";"VCI - VANGUARD CONFECCOES IMPORTADAS S/A";"39,90"
"Consumidor Final";"21/10/2025 19:52:47";"002398";"Autorizada";;;"Venda de mercadoria a não contribuinte Cupom Fiscal";"1";"NF-e normal";"NFC-e";"Produção";;"PC";"1,00";"69,00";"69,00";"CAMISETA LISTRADINHA LISA (PA) CARAMELO 110 XGG";"-";"-";"-";"Aramis PDV";"VCI - VANGUARD CONFECCOES IMPORTADAS S/A";"39,90"
"Consumidor Final";"21/10/2025 19:52:47";"002398";"Autorizada";;;"Venda de mercadoria a não contribuinte Cupom Fiscal";"1";"NF-e normal";"NFC-e";"Produção";;"PC";"1,00";"69,00";"69,00";"CAMISETA MC SILK PEITO OUT (PA) AZUL BIC XGG";"-";"-";"-";"Aramis PDV";"VCI - VANGUARD CONFECCOES IMPORTADAS S/A";"39,90"
"Consumidor Final";"21/10/2025 19:53:11";"002399";"Autorizada";;;"Venda de mercadoria a não contribuinte Cupom Fiscal";"1";"NF-e normal";"NFC-e";"Produção";;"PA";"1,00";"139,90";"139,90";"CALCADOS SANDALIA SALTO ALTO SINTETICOS";"-";"-";"-";"Arezzo";"ZZAB Comercio de Calcados Ltda. AREZZO";"139,90"
"Consumidor Final";"21/10/2025 19:53:11";"002399";"Autorizada";;;"Venda de mercadoria a não contribuinte Cupom Fiscal";"1";"NF-e normal";"NFC-e";"Produção";;"PA";"1,00";"139,90";"139,90";"CALCADOS SANDALIA SALTO ALTO TECIDOS";"-";"-";"-";"Arezzo";"ZZAB Comercio de Calcados Ltda. AREZZO";"139,90"
"Consumidor Final";"21/10/2025 19:53:26";"002400";"Autorizada";;;"Venda de mercadoria a não contribuinte Cupom Fiscal";"1";"NF-e normal";"NFC-e";"Produção";;"PA";"1,00";"139,90";"139,90";"CALCADOS SANDALIA SALTO ALTO COUROS";"-";"-";"-";"Arezzo";"ZZAB Comercio de Calcados Ltda. AREZZO";"139,90"
"Consumidor Final";"21/10/2025 19:54:05";"002401";"Autorizada";;;"Venda de mercadoria a não contribuinte Cupom Fiscal";"1";"NF-e normal";"NFC-e";"Produção";;"PA";"1,00";"139,90";"139,90";"CALCADOS SANDALIA SALTO ALTO MULTIMATERIAL";"-";"-";"-";"Arezzo";"ZZAB Comercio de Calcados Ltda. AREZZO";"139,90"
"Consumidor Final";"21/10/2025 19:54:30";"002402";"Autorizada";;;"Venda de mercadoria a não contribuinte Cupom Fiscal";"1";"NF-e normal";"NFC-e";"Produção";;"PC";"3,00";"69,00";"207,00";"CAMISETA (PILOTO) UNICA UN";"-";"-";"-";"Aramis PDV";"VCI - VANGUARD CONFECCOES IMPORTADAS S/A";"39,90"
"Consumidor Final";"21/10/2025 19:54:30";"002402";"Autorizada";;;"Venda de mercadoria a não contribuinte Cupom Fiscal";"1";"NF-e normal";"NFC-e";"Produção";;"PC";"1,00";"89,00";"89,00";"POLO PIMA MC LOGO RELEVO (PA) VERDE AGUA G";"-";"-";"-";"Aramis PDV";"VCI - VANGUARD CONFECCOES IMPORTADAS S/A";"49,90"
"Consumidor Final";"21/10/2025 19:54:30";"002402";"Autorizada";;;"Venda de mercadoria a não contribuinte Cupom Fiscal";"1";"NF-e normal";"NFC-e";"Produção";;"PC";"1,00";"89,00";"89,00";"POLO CLASSIC 1 FRISO (PA) MARINHO/OFFWHITE G";"-";"-";"-";"Aramis PDV";"VCI - VANGUARD CONFECCOES IMPORTADAS S/A";"49,90"
"Consumidor Final";"21/10/2025 19:54:30";"002402";"Autorizada";;;"Venda de mercadoria a não contribuinte Cupom Fiscal";"1";"NF-e normal";"NFC-e";"Produção";;"PC";"1,00";"89,00";"89,00";"POLO BASICA (PILOTO) UNICA UN";"-";"-";"-";"Aramis PDV";"VCI - VANGUARD CONFECCOES IMPORTADAS S/A";"49,90"
"Consumidor Final";"21/10/2025 19:55:52";"002403";"Autorizada";;;"Venda de mercadoria a não contribuinte Cupom Fiscal";"1";"NF-e normal";"NFC-e";"Produção";;"PC";"1,00";"149,90";"149,90";"BERMUDA CHINO MALHA MOOVEX (MO) VERDE ESCURO 42";"-";"-";"-";"Aramis PDV";"VCI - VANGUARD CONFECCOES IMPORTADAS S/A";"69,90"
"Consumidor Final";"21/10/2025 19:55:52";"002403";"Autorizada";;;"Venda de mercadoria a não contribuinte Cupom Fiscal";"1";"NF-e normal";"NFC-e";"Produção";;"PC";"1,00";"149,90";"149,90";"BERMUDA CHINO PREMIUM TOUCH MOOVEX (MO) CINZA GRAFITE 115 42";"-";"-";"-";"Aramis PDV";"VCI - VANGUARD CONFECCOES IMPORTADAS S/A";"69,90"
"Consumidor Final";"21/10/2025 19:55:52";"002403";"Autorizada";;;"Venda de mercadoria a não contribuinte Cupom Fiscal";"1";"NF-e normal";"NFC-e";"Produção";;"PC";"1,00";"149,90";"149,90";"BERMUDA CHINO PREMIUM TOUCH MOOVEX (MO) AZUL ALUMINIO 114 42";"-";"-";"-";"Aramis PDV";"VCI - VANGUARD CONFECCOES IMPORTADAS S/A";"69,90"
"Consumidor Final";"21/10/2025 19:55:52";"002403";"Autorizada";;;"Venda de mercadoria a não contribuinte Cupom Fiscal";"1";"NF-e normal";"NFC-e";"Produção";;"PC";"1,00";"89,00";"89,00";"POLO DETALHE INTERNO (PA) BRANCO M";"-";"-";"-";"Aramis PDV";"VCI - VANGUARD CONFECCOES IMPORTADAS S/A";"49,90"
"Consumidor Final";"21/10/2025 19:55:52";"002403";"Autorizada";;;"Venda de mercadoria a não contribuinte Cupom Fiscal";"1";"NF-e normal";"NFC-e";"Produção";;"PC";"1,00";"69,00";"69,00";"CAMISETA MC ANATOMICA BOLD (MO) MILITAR 111 M";"-";"-";"-";"Aramis PDV";"VCI - VANGUARD CONFECCOES IMPORTADAS S/A";"39,90"
"Consumidor Final";"21/10/2025 19:55:52";"002403";"Autorizada";;;"Venda de mercadoria a não contribuinte Cupom Fiscal";"1";"NF-e normal";"NFC-e";"Produção";;"PC";"1,00";"89,00";"89,00";"POLO MC PIQUET COLORFIX (PA) VERMELHO CARMIM 115 M";"-";"-";"-";"Aramis PDV";"VCI - VANGUARD CONFECCOES IMPORTADAS S/A";"49,90"
"Consumidor Final";"21/10/2025 19:56:31";"002404";"Autorizada";;;"Venda de mercadoria a não contribuinte Cupom Fiscal";"1";"NF-e normal";"NFC-e";"Produção";;"PA";"1,00";"139,90";"139,90";"CALCADOS SANDALIA SALTO ALTO COUROS";"-";"-";"-";"Arezzo";"ZZAB Comercio de Calcados Ltda. AREZZO";"139,90"
"Consumidor Final";"21/10/2025 19:59:22";"002405";"Autorizada";;;"Venda de mercadoria a não contribuinte Cupom Fiscal";"1";"NF-e normal";"NFC-e";"Produção";;"PC";"1,00";"89,00";"89,00";"POLO MC LIS C/ PEIT INT LIST BOD A (PA) MARINHO G";"-";"-";"-";"Aramis PDV";"VCI - VANGUARD CONFECCOES IMPORTADAS S/A";"49,90"
"Consumidor Final";"21/10/2025 19:59:22";"002405";"Autorizada";;;"Venda de mercadoria a não contribuinte Cupom Fiscal";"1";"NF-e normal";"NFC-e";"Produção";;"PC";"1,00";"69,00";"69,00";"CAMISETA BASICA GOLA CARECA (PA) MARINHO M";"-";"-";"-";"Aramis PDV";"VCI - VANGUARD CONFECCOES IMPORTADAS S/A";"39,90"
"Consumidor Final";"21/10/2025 20:00:21";"002406";"Autorizada";;;"Venda de mercadoria a não contribuinte Cupom Fiscal";"1";"NF-e normal";"NFC-e";"Produção";;"PC";"1,00";"159,00";"159,00";"CAMISA REG SOCIAL COM ELASTANO (MO) AZUL CLARO 41";"-";"-";"-";"Aramis PDV";"VCI - VANGUARD CONFECCOES IMPORTADAS S/A";"89,90"
"Consumidor Final";"21/10/2025 20:00:21";"002406";"Autorizada";;;"Venda de mercadoria a não contribuinte Cupom Fiscal";"1";"NF-e normal";"NFC-e";"Produção";;"PC";"1,00";"159,00";"159,00";"CAMISA SLIM SARJA ALGODAO PIMA (MO) BRANCO G";"-";"-";"-";"Aramis PDV";"VCI - VANGUARD CONFECCOES IMPORTADAS S/A";"89,90"
"Consumidor Final";"21/10/2025 20:02:18";"002407";"Autorizada";;;"Venda de mercadoria a não contribuinte Cupom Fiscal";"1";"NF-e normal";"NFC-e";"Produção";;"PA";"1,00";"139,90";"139,90";"CALCADOS SANDALIA SALTO ALTO COUROS";"-";"-";"-";"Arezzo";"ZZAB Comercio de Calcados Ltda. AREZZO";"139,90"
"Consumidor Final";"21/10/2025 20:03:36";"002408";"Autorizada";;;"Venda de mercadoria a não contribuinte Cupom Fiscal";"1";"NF-e normal";"NFC-e";"Produção";;"PA";"1,00";"139,90";"139,90";"CALCADOS SANDALIA SALTO RASTEIRO SINTETICOS";"-";"-";"-";"Arezzo";"ZZAB Comercio de Calcados Ltda. AREZZO";"139,90"
"Consumidor Final";"21/10/2025 20:03:36";"002408";"Autorizada";;;"Venda de mercadoria a não contribuinte Cupom Fiscal";"1";"NF-e normal";"NFC-e";"Produção";;"PA";"1,00";"139,90";"139,90";"CALCADOS FECHADO SALTO RASTEIRO MULTIMATERIAL";"-";"-";"-";"Arezzo";"ZZAB Comercio de Calcados Ltda. AREZZO";"139,90"
"Consumidor Final";"21/10/2025 20:03:47";"002409";"Autorizada";;;"Venda de mercadoria a não contribuinte Cupom Fiscal";"1";"NF-e normal";"NFC-e";"Produção";;"PC";"1,00";"159,00";"159,00";"CAMISA ML BOLD EVERYDAY (MO) MARINHO MEDIO M";"-";"-";"-";"Aramis PDV";"VCI - VANGUARD CONFECCOES IMPORTADAS S/A";"89,90"
"Consumidor Final";"21/10/2025 20:03:47";"002409";"Autorizada";;;"Venda de mercadoria a não contribuinte Cupom Fiscal";"1";"NF-e normal";"NFC-e";"Produção";;"PC";"1,00";"159,00";"159,00";"CAMISA MALHA TECH R+ MINI MESH (MO) CINZA M";"-";"-";"-";"Aramis PDV";"VCI - VANGUARD CONFECCOES IMPORTADAS S/A";"89,90"
"Consumidor Final";"21/10/2025 20:03:47";"002409";"Autorizada";;;"Venda de mercadoria a não contribuinte Cupom Fiscal";"1";"NF-e normal";"NFC-e";"Produção";;"PC";"1,00";"179,90";"179,90";"CALCA COLOR CHINO CLASSICA (MO) MARINHO 42";"-";"-";"-";"Aramis PDV";"VCI - VANGUARD CONFECCOES IMPORTADAS S/A";"79,90"
"Consumidor Final";"21/10/2025 20:03:59";"002410";"Autorizada";;;"Venda de mercadoria a não contribuinte Cupom Fiscal";"1";"NF-e normal";"NFC-e";"Produção";;"PA";"4,00";"139,90";"559,60";"CALCADOS SANDALIA SALTO ALTO COUROS";"-";"-";"-";"Arezzo";"ZZAB Comercio de Calcados Ltda. AREZZO";"139,90"
"Consumidor Final";"21/10/2025 20:04:58";"002411";"Autorizada";;;"Venda de mercadoria a não contribuinte Cupom Fiscal";"1";"NF-e normal";"NFC-e";"Produção";;"PC";"1,00";"159,00";"159,00";"CAMISA JEANSWEAR SLIM MAQUINETA (MO) AZUL GG";"-";"-";"-";"Aramis PDV";"VCI - VANGUARD CONFECCOES IMPORTADAS S/A";"89,90"
"Consumidor Final";"21/10/2025 20:04:58";"002411";"Autorizada";;;"Venda de mercadoria a não contribuinte Cupom Fiscal";"1";"NF-e normal";"NFC-e";"Produção";;"PC";"1,00";"159,00";"159,00";"CAMISA SLIM FLAME LISO (MO) NATURAL GG";"-";"-";"-";"Aramis PDV";"VCI - VANGUARD CONFECCOES IMPORTADAS S/A";"89,90"
"Consumidor Final";"21/10/2025 20:04:58";"002411";"Autorizada";;;"Venda de mercadoria a não contribuinte Cupom Fiscal";"1";"NF-e normal";"NFC-e";"Produção";;"PC";"1,00";"69,00";"69,00";"CAMISETA MC SILK PEITO OUT (PA) AZUL BIC GG";"-";"-";"-";"Aramis PDV";"VCI - VANGUARD CONFECCOES IMPORTADAS S/A";"39,90"
"Consumidor Final";"21/10/2025 20:05:00";"002412";"Autorizada";;;"Venda de mercadoria a não contribuinte Cupom Fiscal";"1";"NF-e normal";"NFC-e";"Produção";;"PA";"1,00";"139,90";"139,90";"CALCADOS BOTA SALTO BAIXO COUROS";"-";"-";"-";"Arezzo";"ZZAB Comercio de Calcados Ltda. AREZZO";"139,90"
"Consumidor Final";"21/10/2025 20:05:00";"002412";"Autorizada";;;"Venda de mercadoria a não contribuinte Cupom Fiscal";"1";"NF-e normal";"NFC-e";"Produção";;"PA";"1,00";"139,90";"139,90";"CALCADOS BOTA SALTO BAIXO COUROS";"-";"-";"-";"Arezzo";"ZZAB Comercio de Calcados Ltda. AREZZO";"139,90"
"Consumidor Final";"21/10/2025 20:05:51";"002413";"Autorizada";;;"Venda de mercadoria a não contribuinte Cupom Fiscal";"1";"NF-e normal";"NFC-e";"Produção";;"PA";"1,00";"139,90";"139,90";"CALCADOS SANDALIA SALTO ALTO COUROS";"-";"-";"-";"Arezzo";"ZZAB Comercio de Calcados Ltda. AREZZO";"139,90"
"Consumidor Final";"21/10/2025 20:06:09";"002414";"Autorizada";;;"Venda de mercadoria a não contribuinte Cupom Fiscal";"1";"NF-e normal";"NFC-e";"Produção";;"PA";"1,00";"139,90";"139,90";"CALCADOS SANDALIA SALTO ALTO SINTETICOS";"-";"-";"-";"Arezzo";"ZZAB Comercio de Calcados Ltda. AREZZO";"139,90"
"Consumidor Final";"21/10/2025 20:06:49";"002415";"Autorizada";;;"Venda de mercadoria a não contribuinte Cupom Fiscal";"1";"NF-e normal";"NFC-e";"Produção";;"PC";"1,00";"89,00";"89,00";"POLO BASICA (PILOTO) UNICA UN";"-";"-";"-";"Aramis PDV";"VCI - VANGUARD CONFECCOES IMPORTADAS S/A";"49,90"
"Consumidor Final";"21/10/2025 20:06:49";"002415";"Autorizada";;;"Venda de mercadoria a não contribuinte Cupom Fiscal";"1";"NF-e normal";"NFC-e";"Produção";;"PC";"1,00";"159,00";"159,00";"CAMISA CASUAL SLIM LISA OUT (MO) PRETO P";"-";"-";"-";"Aramis PDV";"VCI - VANGUARD CONFECCOES IMPORTADAS S/A";"89,90"
"Consumidor Final";"21/10/2025 20:06:49";"002415";"Autorizada";;;"Venda de mercadoria a não contribuinte Cupom Fiscal";"1";"NF-e normal";"NFC-e";"Produção";;"PC";"1,00";"179,90";"179,90";"CALCA 5 POCKETS SLIM COLOR COMFORT (PA) PRETO 42";"-";"-";"-";"Aramis PDV";"VCI - VANGUARD CONFECCOES IMPORTADAS S/A";"79,90"
"Consumidor Final";"21/10/2025 20:06:49";"002415";"Autorizada";;;"Venda de mercadoria a não contribuinte Cupom Fiscal";"1";"NF-e normal";"NFC-e";"Produção";;"PC";"1,00";"69,00";"69,00";"CAMISETA PIQUET PERUANO OUT (PA) BRANCO M";"-";"-";"-";"Aramis PDV";"VCI - VANGUARD CONFECCOES IMPORTADAS S/A";"39,90"
"Consumidor Final";"21/10/2025 20:07:09";"002416";"Autorizada";;;"Venda de mercadoria a não contribuinte Cupom Fiscal";"1";"NF-e normal";"NFC-e";"Produção";;"PA";"1,00";"139,90";"139,90";"CALCADOS SANDALIA SALTO ALTO MULTIMATERIAL";"-";"-";"-";"Arezzo";"ZZAB Comercio de Calcados Ltda. AREZZO";"139,90"
"Consumidor Final";"21/10/2025 20:07:09";"002416";"Autorizada";;;"Venda de mercadoria a não contribuinte Cupom Fiscal";"1";"NF-e normal";"NFC-e";"Produção";;"PA";"1,00";"139,90";"139,90";"CALCADOS SANDALIA SALTO ALTO TECIDOS";"-";"-";"-";"Arezzo";"ZZAB Comercio de Calcados Ltda. AREZZO";"139,90"
"Consumidor Final";"21/10/2025 20:09:06";"002417";"Autorizada";;;"Venda de mercadoria a não contribuinte Cupom Fiscal";"1";"NF-e normal";"NFC-e";"Produção";;"PA";"1,00";"139,90";"139,90";"CALCADOS BOTA SALTO BAIXO COUROS";"-";"-";"-";"Arezzo";"ZZAB Comercio de Calcados Ltda. AREZZO";"139,90"
"Consumidor Final";"21/10/2025 20:09:06";"002417";"Autorizada";;;"Venda de mercadoria a não contribuinte Cupom Fiscal";"1";"NF-e normal";"NFC-e";"Produção";;"PA";"1,00";"139,90";"139,90";"CALCADOS BOTA SALTO BAIXO COUROS";"-";"-";"-";"Arezzo";"ZZAB Comercio de Calcados Ltda. AREZZO";"139,90"
"Consumidor Final";"21/10/2025 20:09:06";"002417";"Autorizada";;;"Venda de mercadoria a não contribuinte Cupom Fiscal";"1";"NF-e normal";"NFC-e";"Produção";;"PA";"1,00";"139,90";"139,90";"CALCADOS BOTA SALTO BAIXO COUROS";"-";"-";"-";"Arezzo";"ZZAB Comercio de Calcados Ltda. AREZZO";"139,90"
"Consumidor Final";"21/10/2025 20:09:16";"002418";"Autorizada";;;"Venda de mercadoria a não contribuinte Cupom Fiscal";"1";"NF-e normal";"NFC-e";"Produção";;"PA";"1,00";"139,90";"139,90";"CALCADOS SANDALIA SALTO ALTO COUROS";"-";"-";"-";"Arezzo";"ZZAB Comercio de Calcados Ltda. AREZZO";"139,90"
"Consumidor Final";"21/10/2025 20:09:38";"002419";"Autorizada";;;"Venda de mercadoria a não contribuinte Cupom Fiscal";"1";"NF-e normal";"NFC-e";"Produção";;"PC";"2,00";"89,00";"178,00";"POLO MC PIQUET COLORFIX (PA) CINZA RATO XGG";"-";"-";"-";"Aramis PDV";"VCI - VANGUARD CONFECCOES IMPORTADAS S/A";"49,90"
"Consumidor Final";"21/10/2025 20:09:45";"002420";"Autorizada";;;"Venda de mercadoria a não contribuinte Cupom Fiscal";"1";"NF-e normal";"NFC-e";"Produção";;"PC";"1,00";"159,00";"159,00";"CAMISA ML MW GOLA 5 BORD (MO) ROSA GG";"-";"-";"-";"Aramis PDV";"VCI - VANGUARD CONFECCOES IMPORTADAS S/A";"89,90"
"Consumidor Final";"21/10/2025 20:09:45";"002420";"Autorizada";;;"Venda de mercadoria a não contribuinte Cupom Fiscal";"1";"NF-e normal";"NFC-e";"Produção";;"PC";"1,00";"179,90";"179,90";"CALCA COLOR CHINO CLASSICA (MO) MARINHO 46";"-";"-";"-";"Aramis PDV";"VCI - VANGUARD CONFECCOES IMPORTADAS S/A";"79,90"
"Consumidor Final";"21/10/2025 20:10:04";"002421";"Autorizada";;;"Venda de mercadoria a não contribuinte Cupom Fiscal";"1";"NF-e normal";"NFC-e";"Produção";;"PA";"1,00";"139,90";"139,90";"CALCADOS BOTA SALTO MEDIO COUROS";"-";"-";"-";"Arezzo";"ZZAB Comercio de Calcados Ltda. AREZZO";"139,90"
"Consumidor Final";"21/10/2025 20:10:04";"002421";"Autorizada";;;"Venda de mercadoria a não contribuinte Cupom Fiscal";"1";"NF-e normal";"NFC-e";"Produção";;"PA";"1,00";"139,90";"139,90";"CALCADOS BOTA SALTO BAIXO COUROS";"-";"-";"-";"Arezzo";"ZZAB Comercio de Calcados Ltda. AREZZO";"139,90"
"Consumidor Final";"21/10/2025 20:10:04";"002421";"Autorizada";;;"Venda de mercadoria a não contribuinte Cupom Fiscal";"1";"NF-e normal";"NFC-e";"Produção";;"PA";"1,00";"139,90";"139,90";"CALCADOS BOTA SALTO BAIXO ACAMURCADOS";"-";"-";"-";"Arezzo";"ZZAB Comercio de Calcados Ltda. AREZZO";"139,90"
"Consumidor Final";"21/10/2025 20:10:04";"002421";"Autorizada";;;"Venda de mercadoria a não contribuinte Cupom Fiscal";"1";"NF-e normal";"NFC-e";"Produção";;"PA";"1,00";"139,90";"139,90";"CALCADOS BOTA SALTO BAIXO COUROS";"-";"-";"-";"Arezzo";"ZZAB Comercio de Calcados Ltda. AREZZO";"139,90"
